B2,B3,B4,B5,B6,B7,B8,Chla
0.031236203565420874,0.04791315979645113,0.007806959951373379,0.04194489392129418,0.02135454093236876,0.013189011846680778,0.03235556849433491,4.5349250701870005
0.04852142919229749,0.011229345822940075,0.004473738994846303,0.044734145528136475,0.03313699661428737,0.0009222316292736071,0.04182737966404833,3.768130533627345
0.041959818254342154,0.011106177576449862,0.03369399115465533,0.024393087698084483,0.04531980415826074,0.01668861042591046,0.03354916986556514,3.7307992019884733
0.037959754525911105,0.02618051095747706,0.012554800757222498,0.04498789146722684,0.02787225129467906,0.03216196063330426,0.045701898395176924,4.376058606570172
0.0246805592132731,0.034432159520233284,0.029057402670091062,0.036208895953709214,0.03265137852577749,0.002463687160834226,0.04832284357791094,4.473929034715925
0.02467983561008608,0.04852037089038966,0.04532553771072301,0.045339977272706736,0.021197675976912536,0.039498540024691456,0.030078384601368018,5.117967656211803
0.021742508365045984,0.04416476883032526,0.026510220123988855,0.03293905119023044,0.03347235542404628,0.04323954957712966,0.036820834441270406,5.003076822505138
0.04598528437324806,0.03229513531883742,0.005614549604172745,0.031371214561491056,0.03732839241911401,0.003573109744823507,0.022851696104976935,4.191912188743932
0.038033450352296265,0.023681333314083293,0.006946546146486077,0.04745182197551667,0.03712721161256435,0.01964213657179909,0.02601407143299077,4.239323758786868
0.04124217733388137,0.05985622500788555,0.015252464437266444,0.02753507802645204,0.029972800765230956,0.04765152682854879,0.032403973001304806,5.13176750206458
0.020617534828874073,0.031309065111798644,0.01611658103226634,0.0453263697585843,0.029465995419894066,0.03238102751268568,0.026186081477053366,4.618336108689458
0.04909729556485983,0.03256935121648377,0.02042098522457421,0.034520617175282126,0.02319870856809794,0.030866064337251812,0.046296814723661525,4.574695809403514
0.044973279224012654,0.01818119105958346,0.0028513278319703735,0.03542286327653779,0.03100394961938805,0.03911233312944582,0.024748587681772943,3.8606554136261892
0.026370173320348286,0.04974047743749647,0.004912727892112679,0.029254048444684523,0.02298484006618894,0.006343340690601993,0.03366982464659276,4.82181166995398
0.02545474901621302,0.04468411128907443,0.018748056003335095,0.03719126601857047,0.04299787834136155,0.016189794853503928,0.03817097721379627,4.6858125584064005
0.025502135295603016,0.021038480639438018,0.005260983804394049,0.029756335888286342,0.048988228932445574,0.048162290883511316,0.040755917244825336,3.9162981817865776
0.029127267288786132,0.014119052280792134,0.005084193805406989,0.02117808242724957,0.049102233700001205,0.02258382567543136,0.0314920810917952,3.725254617541257
0.035742692948967134,0.04402496510373565,0.0044082934916476555,0.028159958160330685,0.045952132981261815,0.02906981435834645,0.04607297206174186,4.6042727832653085
0.03295835055926347,0.04272556071405676,0.0043825961317193116,0.02019137130219772,0.03802376448018857,0.01287291748159294,0.037049574532337766,4.711209259083755
0.02873687420594126,0.023662976349910464,0.00350290090586494,0.0493506436117057,0.0410259709173164,0.0024737636704575275,0.03318523341342655,3.7696010443708916
0.03835558684167138,0.057543178112520514,0.0012012158016567178,0.048972416294592425,0.028556174080412423,0.01840448507706493,0.022017219021561098,4.851323799157203
0.024184815819561258,0.01755289458904501,0.044803142426530176,0.03185465892416915,0.038923112605178625,0.04673341204417217,0.03394068405335495,4.344978850166374
0.028764339456056547,0.031616740052130096,0.01977585408974228,0.04185112563018938,0.03366948648319633,0.0004756386159468157,0.04462207522447191,4.469350075839033
0.03099085529881075,0.05718079600837994,0.0011888368909668589,0.03037418295231275,0.034460520193307975,0.006903323095447932,0.038436230546639465,4.972094109470585
0.03368209952651108,0.03098636584630611,0.024160280018070607,0.04013279471257929,0.04273329681125474,0.011224917489970839,0.044964873611873554,4.460737650835331
0.04355527884179041,0.041926297383204275,0.0003655685244578332,0.044162901291379376,0.028457550667917553,0.06407137348203745,0.03482035011797917,4.530001639992667
0.02599021346475079,0.029879719898139714,0.0345261586326162,0.04840268734076722,0.0295411883508356,0.0480527283578503,0.023553851152834454,4.617857598188667
0.035427033152408346,0.0237107601174335,0.016326461435434016,0.032006368275490166,0.0477392537338591,0.024241463429799062,0.020409195375076433,4.1871939185985365
0.03777243706586128,0.05919888239799141,0.004871933813066534,0.04349893948868143,0.021686728845529166,0.00038295310785278324,0.02909658640155774,4.928687845997633
0.021393512381599932,0.030466700315752153,0.015471625621576928,0.027977853518963564,0.034569028952400216,0.019354647497464524,0.040939714144933775,4.43771912913807
0.038226345557043157,0.05470496018395672,0.031626634690303856,0.049709969113809455,0.047384024012235855,0.009326710248032732,0.04370779711825082,5.019685881072575
0.025115723710618747,0.021497730294554308,0.023146041980621382,0.020773087962930536,0.03831089023454471,0.00452250776372045,0.028872585038609885,4.0868738837737935
0.021951547789558386,0.020655235201254164,0.02545781560206471,0.03810586419503363,0.03639221222636396,0.023244096320591972,0.034869617626497415,4.130591968296821
0.0484665661176,0.011556704144225568,0.01326689059261267,0.03978517944953981,0.027492325376880657,0.08194660383262814,0.03263356713302245,4.196636970042159
0.048968960992236785,0.042583341268794254,0.053106667185574656,0.04064136671222387,0.03029826467193345,0.024745644435841808,0.03231568353054284,4.633536287280738
0.04425192044349384,0.028426317186188058,0.06463288774351458,0.02361162736367267,0.04556145247414079,0.014367422079641597,0.026940461396004516,4.678921911212835
0.02913841307520112,0.05321791249198185,0.021778960151059155,0.048155893504193914,0.03677654395305374,0.00507751045760952,0.02409113315088375,4.955214953901861
0.022930163420191517,0.03366049533457786,0.01710714455764973,0.025435498371502486,0.0354422658127034,0.006019012837690843,0.025900656746936396,4.221957503770388
0.04052699079536471,0.058409671395736086,0.03692104519474553,0.038682602097195234,0.022987391406200867,0.041442970604820245,0.021659971614900384,5.341980814165619
0.03320457481218804,0.019276275785156057,0.006925930030912936,0.02668028237369255,0.020480844693653695,0.005180128088487878,0.025943922254707312,4.067343891255598
0.023661147045343365,0.05343115839778054,0.014962364388637302,0.029216492510638126,0.04891055566061148,0.025657310394635348,0.020276026928761383,4.937792767455537
0.03485530730333811,0.04882984263958708,0.008550128495610279,0.03639375625184373,0.03130958501860525,0.027159365224129095,0.038817752019079346,4.494992864883397
0.02103165563345655,0.048546092232202596,2.7356620715696806e-06,0.0325158025569373,0.038096391862985135,0.031926525055712585,0.02949126222163049,4.6798912717266665
0.04727961206236346,0.05223916140584438,0.0023463420299554907,0.02480676802929519,0.022391452195618552,0.015553088356451238,0.04919434134280726,4.76571523638064
0.02776339944800051,0.048051199547149946,0.043929815369794595,0.02512809207262545,0.0404934285716914,0.012281818763522237,0.025811511523288935,5.059763198591506
0.03987566853061946,0.04131101608157077,0.026672890109062236,0.03254434364488399,0.047977001261178834,0.0036583092557306387,0.03037485710928782,4.798828436524011
0.02935133228268233,0.01656224388411938,0.020948309186958697,0.042718489348265026,0.03726995758992259,0.04554853882951422,0.030735234759246,3.9897549368076146
0.03560204063533433,0.011626308974562596,0.013101579729845604,0.04693893940543366,0.023783459671262316,0.021906214288335994,0.020253544881873815,3.9720862409580735
0.03640130838029839,0.05604239239078434,0.05913232841980902,0.022523829867781488,0.03745164582420431,0.005837338246084341,0.04517623859118377,5.261824072859696
0.025545633665765812,0.0408325157260369,0.017875488056507426,0.03179311722678203,0.04299041639313957,0.0005064795349463275,0.020959833804329742,4.328159358777388
0.04908753883293676,0.049826864548808816,0.0534396803020709,0.0230073669116863,0.03219249609722056,0.006744101175874574,0.04820539504187724,5.334834215597006
0.04325398470083344,0.0340761175756275,0.0015006913931639174,0.020497774418977936,0.04639513243824404,0.005834819082820982,0.04676223053280862,4.187113998173767
0.048184968246925676,0.015865409448119722,0.03716098452434942,0.039851560479318704,0.03946048860072093,0.04669966435286722,0.03606565748257891,4.149208623603975
0.04684482051282947,0.01625928961012752,0.05832765045808074,0.038073483258997634,0.04697746754867608,0.058101067895669684,0.03630786724733877,4.321795727061276
0.037936999364332556,0.04427826436144857,0.02315133998844391,0.024890573414446587,0.03870515933742012,0.009688898880598054,0.03961333768868469,4.839540937560252
0.04765622705069351,0.03151529474497313,0.021948725991051743,0.027014384992791924,0.02393863916014473,0.013544477502085137,0.03161150035804661,4.534308313635864
0.022654775061557587,0.020026236335016837,0.007101806407189817,0.02071123260933555,0.029290751333155673,0.002945918953050633,0.03941666850193566,4.063497570911907
0.025879485872574357,0.03457972733707184,0.0025271883169114802,0.04504841617083211,0.026053848447573708,0.014469842750978644,0.021343051660654606,4.135095750992698
0.021356818667316143,0.013210446853756705,0.0703799474088891,0.04924071788145655,0.04726479493150587,0.002441607216006612,0.021621428820491798,4.066072302859269
0.029759909922897933,0.03909857009571994,0.03162227622529925,0.024063786103840724,0.04281200201862448,0.033563068752064114,0.033716912588586334,4.715956831926157
0.03166031869068446,0.023449670221754884,0.01267555527550123,0.026944256412958945,0.040291951067300186,0.06297095511142764,0.03648866903318105,4.463129644162361
0.028140470953216878,0.049877955031859406,0.017320423484779204,0.046052285718408026,0.029028989588948652,0.026508451522217605,0.04663452921007458,4.92058379960658
0.04486212527455788,0.025518097946178687,0.03611708317839526,0.047793913938685546,0.025521343161506407,0.021970955621953527,0.023139819017236888,4.599942394169783
0.03070259980080768,0.03276100745409006,0.008590098796933923,0.03258882148420431,0.04269353263966735,0.004602450213709908,0.04467943781581668,4.34955839897166
0.028428035290621424,0.010581026995405031,0.013386870545726844,0.021518674168072224,0.03422473837637239,0.03733560387776529,0.02630142011876209,3.7924796457783834
0.03628088249474745,0.013622344389727944,0.002535037686595288,0.02118175501078458,0.026773686564518874,0.004378777966244184,0.031822509455300955,3.7509092782302518
0.02422772674924288,0.02962467782033424,0.011573718880976261,0.03721849598207032,0.038498659344958254,0.025128595999017823,0.02949807304482239,4.275869736895701
0.04406590942262119,0.03399694173585617,0.00023337499708897536,0.031786853266795374,0.02121001556415356,0.034539961353556525,0.03200465818596197,4.389989468552134
0.022236519310393124,0.04000102740596519,0.0199866011084799,0.020859572827329635,0.029785107623847607,0.022742781813214177,0.02451486494217757,4.812788321287144
0.04960660809801552,0.02458312893546516,0.000681063218512256,0.03749757176937671,0.03405670983773404,0.018569380406071416,0.03510710223210665,4.100626701653922
0.043167343078899724,0.04474909430632713,0.018060978463334605,0.020339076097670675,0.024438750023282177,0.021559168532763337,0.04404927769494102,5.005046605959991
0.025961470446025172,0.05300611985946023,0.004460723747080576,0.043621158744478195,0.04953963432772519,0.06728999266372006,0.033246020311366906,4.702515349536249
0.020165663513708073,0.04899254944466749,0.03218438897204582,0.029192984681101146,0.02627292093768843,0.058568310516556074,0.03471840727694597,4.988738057069582
0.044463842853645026,0.011980941267417857,0.00760792548101685,0.021207740090276962,0.023910593901297968,0.013581294489887688,0.04546302755843943,3.812546519523863
0.04120572031542852,0.034025347362891444,0.036084667642086336,0.037650566629494606,0.026106046216606893,0.04451303175276984,0.041181743439140925,4.7854213882609935
0.04187021504122962,0.015246508920908744,0.039922080526095714,0.03193053243299164,0.043071833994791725,0.01603997984319127,0.03471363225559354,4.129555968316043
0.04313811040057837,0.022102250793126374,0.014015685441449799,0.04921401240071449,0.03276516977815529,0.017392170870167027,0.02773086944567539,4.270218803075964
0.022221339552022712,0.05933312966335732,0.011899890555815956,0.03632595987511107,0.03696247819257614,0.0367623990621968,0.046547802405349004,4.960401516536342
0.03075397185632818,0.01712477714507566,0.008740737979821667,0.028257175431110247,0.020630274709590824,0.0011651029282662754,0.03731061205071676,3.991672091433221
0.023476071785753894,0.034944407672567804,0.039056166686421215,0.04128316593901925,0.021032939257199436,0.017165648869834207,0.0266344283033208,4.764652633821792
0.045893102776267805,0.040907786715905954,0.044213234794213824,0.02814476007628134,0.033374766494810484,0.025707685346554307,0.028073592579140313,4.657108068047846
0.03869894380482674,0.045123248527205194,0.0861835021024652,0.04712729874222696,0.04449965729604871,0.033451961104477436,0.044093992668087376,5.452031961333169
0.02992694074557948,0.0379824341743457,0.03238680837576719,0.031241659115221296,0.04655716636122696,0.04487858382122374,0.021324366862623664,4.654764050642507
0.021906750508580708,0.010488542370959184,0.009962322954945133,0.03649605688328616,0.022601197027869207,0.0028393079540736197,0.04976276561086461,3.576774433438374
0.029329469651469868,0.026323065412199594,0.004493543914886815,0.021517193114726867,0.03615089306303068,0.03346917157931091,0.023910550391443755,4.155997171306134
0.02975549966080241,0.03588558216923557,0.013089951803601906,0.032783637138566926,0.04739689058837812,0.0024425595304205933,0.04388205576190812,4.458348761831513
0.041888185350141924,0.014393324957241667,0.021405697779511845,0.04497090618982985,0.03163918263193659,0.0229724685198496,0.031843259503150485,4.052058524857134
0.03912672414065639,0.02753134656045904,0.023955734476882706,0.04416946416090026,0.04488697494285106,0.01551218293210476,0.03476648549862401,4.4932392187837396
0.0466163822772898,0.011660155439568328,0.023213388105544172,0.02672955676560579,0.024010869631983088,0.012143136243613122,0.04641951732393734,4.142386012101562
0.034166447754858484,0.013928924857751037,0.009072806582352919,0.02678237213031688,0.048061834690033965,0.0004264007517976575,0.0323873356876764,3.8552977867827116
0.023587827378149052,0.029846163810079804,0.00021589503205334242,0.04451915936639711,0.04254269952593908,0.02403311517450188,0.03612481261019704,4.1301264570075364
0.041397343616689855,0.016635787702153015,0.004497636632000179,0.04791195260507977,0.04824003178360706,0.020802248918084628,0.0214789898722751,3.8424154095705165
0.04282355145850693,0.038377042413077905,0.003692003282884361,0.02286082763819011,0.0402985170065752,0.02377859041236921,0.020070424216023595,4.646965234233067
0.03683831592708489,0.04447324845686328,0.035711915607093594,0.03350175918278676,0.030902117959982812,0.0051217740819695,0.02734399619005178,4.711638514694401
0.04312901539863683,0.05002933495545414,0.02346472113674891,0.030123628368926868,0.04814543517574167,0.003759009161180631,0.04041749278756302,4.9426362403695165
0.03481386789093172,0.020007512212240505,0.06654694228842067,0.046120653663723185,0.028267003289275356,0.006357200564667512,0.023637946800774103,4.434421594506579
0.03568198488145982,0.01837412911295349,0.02353391638953599,0.022505747440400563,0.02996517566185198,0.003134944787740998,0.023412858764136485,4.221634840825443
0.032826230550756494,0.015228392016720011,0.011433650978120671,0.026333778276741125,0.04102425254005221,0.03232643274321132,0.0323288182410771,3.8487816992470663
0.020762573802322857,0.041821512477181834,0.0036847958493171364,0.04257405012759483,0.04295948898576159,0.001937178698836431,0.0394351111582468,4.242053729198401
0.023236742809799135,0.045323786324345056,0.0050656127652623185,0.021538815469436468,0.047882104515474616,0.026344302155218026,0.041362159767437914,4.615536847519501
0.020942875570602027,0.011579307241282102,0.032291393113770744,0.03477606142142868,0.026144072271686285,0.022512905229257273,0.025353520222951245,4.042897211340427
0.03909231233791341,0.05681061231218449,0.03150662402065413,0.0332632110403916,0.043939941056576726,0.0014690745618685776,0.022387644421161274,5.282056680338885
0.029430679432289802,0.01259856418257362,0.01343580580913227,0.03003203536966246,0.042156381601908904,0.007108353878605747,0.04821191101836633,3.7276878414005936
0.03525712073494108,0.03706481676505352,0.017227731325101595,0.031837169459567716,0.021913836687607935,0.04347653316312895,0.02781999147686305,4.789887689953087
0.04722699421778279,0.04545302597254582,0.014846019519975592,0.035898217607906985,0.03161669423630621,0.004228490201683251,0.04560039492826172,5.098723247967122
0.02747876687446625,0.05354845618730428,0.028994700744830012,0.024841020751651496,0.028482963711802957,0.011502036384738578,0.04590474351388455,5.042604336999427
0.032311487691068896,0.04570434660662139,0.00920563307653535,0.03715987634850779,0.02913471273062091,0.025102880372864997,0.04317567775287634,4.596394534069751
0.04266653415629146,0.05008640415348959,0.030093143640827262,0.04416296987899959,0.04948840638664102,0.0019315246492221496,0.025065008199577105,4.888049391516184
0.026863944964748674,0.026972509627140304,0.029200915127351904,0.042804827893704774,0.03928332240439784,0.021130649490874707,0.04465404377762601,4.410282352783507
0.02230939729486379,0.05074125568732561,0.017289014961405082,0.02461699714081321,0.04153028473380499,0.03265480063596031,0.0430775167772476,4.968787331959063
0.028692543587413043,0.014005742319233757,0.02386590338868254,0.02447748409224422,0.04929852911945028,0.012415906695810282,0.03790168970318651,3.903201323982205
0.024836638617620133,0.05474083280302638,0.017871784901397986,0.0280452310323474,0.031316053473729163,0.007217184837179532,0.03011606105506858,5.159433310420536
0.0478909295702772,0.03737961880768681,0.006458853966518368,0.03083224179023112,0.04405520505358418,0.007640467147723612,0.027875258127996322,4.3153985349712105
0.044243611386932516,0.050864888498124684,0.01964678589423502,0.03225366744225448,0.03303592889913486,0.03088436180132631,0.02365667636241077,4.764460932570911
0.0390021126953127,0.032615914225915005,0.0278106606697546,0.04039091650500036,0.046086010154449394,0.015273864394380447,0.03529271200702615,4.6636334485352755
0.04614381770563153,0.04217888475982625,0.028086046786465667,0.021700412964975064,0.025419726239339097,0.04076475639481197,0.0375578262652954,4.628679954711777
0.04411016230697344,0.03632013304680566,0.03854486674826076,0.021040181126781993,0.04843058531192839,0.017575150093061646,0.030780169715473617,4.673564242574392
0.025597101766581077,0.046579476087766594,0.02282701653334281,0.031757316888317275,0.02656315125232639,0.007382586868307658,0.03426077203042606,5.221619808338784
0.046776769954699336,0.014081499101529478,0.01814155917947944,0.04091491076413942,0.029786615209427946,0.006579661941162877,0.030905433721078002,4.016296829688608
0.03618026725746952,0.01301760419952819,0.03398980940940459,0.025803060288694477,0.04268576702320342,0.020328497290396493,0.03923018171962104,3.9420261663388487
0.04422320465492188,0.02235516170050732,0.008181609449757876,0.039245134437687554,0.0318126542469622,0.028679273189327985,0.047037776233896905,4.177710428036827
0.0468827389977048,0.01797723400565942,0.012670318481151986,0.027794844138208985,0.0382463413029934,0.06385378384176946,0.02491760786140835,4.113074355201914
0.029540104249155916,0.053589178329610083,0.0018313467512370866,0.046582583264405494,0.03333720503208286,0.0045754288927166535,0.03144226429709371,4.753230450736236
0.023301557735830303,0.020960699367902215,0.013962254572995167,0.0468706983279985,0.04227109811269346,0.018966191923748193,0.02422605811852584,4.140032281032959
0.026838054876258254,0.05879326279095656,0.011511845899107889,0.028918616128439795,0.026849937571058326,0.00614045253104193,0.038748313112234964,4.912311250130769
0.03281323365878769,0.026844789588555344,0.0029496799638695924,0.026899812618897217,0.02175373961710631,0.01457655580511345,0.041866115284657876,4.383872445741733
0.044540442977674795,0.019105895784434966,0.010902409429464074,0.03233911916198694,0.02899788192419199,0.041169324656421605,0.04795738197792368,4.192471414987193
0.04582191749769031,0.049484925357123954,0.0014653452585620544,0.027215947555404463,0.03422925994605291,0.012509948085476194,0.02836615778782895,4.764667313688249
0.020208563915935722,0.042935388775043805,0.0432986538906575,0.04017151529875111,0.02504060156578036,0.03104286928892623,0.04850633617596291,4.874799370372105
0.03532241907732697,0.03490978582265695,0.01239682649978886,0.04478194053644857,0.030643918689691664,0.047199139754931695,0.021897880154620245,4.670271675800877
0.03252233009446337,0.03776817754688156,0.00653460290294828,0.04019276392733651,0.03199949054880706,0.0019221812342400798,0.038090415900937646,4.433322156545961
0.02666323431412191,0.04596008891361319,0.015094568913880387,0.04473051341748049,0.021721755310648207,0.005389719929582037,0.0217139815802999,4.788074541153805
0.023595961020010485,0.021422737066564935,0.021200333914812224,0.031909764866224224,0.03749921744552614,0.027853728236524072,0.04681322563285835,4.101248341435152
0.03012845514210884,0.05981669580283709,0.02946494446908573,0.024689509121265826,0.04653030283913863,0.021064232145526406,0.035894271712101626,5.061489921808601
0.04828729111737558,0.05873965810733915,0.030531538385749242,0.042138528421927765,0.024552287388591575,0.015488757841825075,0.040080450522883886,5.366887404335924
0.029696087960622657,0.042516284317346845,0.013128901872030826,0.030814235154246618,0.03793424040204542,0.007391942791522338,0.04494721777731358,4.60578239024983
0.035563718652300985,0.019977122546457254,0.01211581501422226,0.04013812475687398,0.03994217614732539,0.03171055120768582,0.024509318674519064,3.976024978866265
0.04109056876685534,0.044011412121564564,0.01527946377435055,0.02811931825945297,0.03258004041257865,0.017429132191106502,0.021157746858144016,4.657989779244105
0.030908888071378822,0.013609920448958791,0.02691864866256948,0.02243688904420018,0.0410329276209281,0.01236306770603627,0.046366434377385565,4.119041591234731
0.04915346248162882,0.011532625110290302,0.004985039027005677,0.049777453864632906,0.03232194630473036,0.006801235326609963,0.029447996823767975,3.7165735100543205
0.048873418848263336,0.022884144425560683,0.0031618127368873983,0.02468604523791798,0.03513911863932305,0.015276764184067836,0.023869367237814958,4.037980768260504
0.027553468874760925,0.033131147836965816,0.044585865335216655,0.049652629818904434,0.02022059133663281,0.008074411328726288,0.034053837112612596,4.685298331770427
0.03491745517677156,0.05341362527041903,0.022868941790584976,0.04931839797699342,0.04075160342404067,0.019636566355817293,0.037949182270880566,4.789615346273573
0.02902634929450309,0.0463584534883154,0.025176190012436196,0.043814543117241186,0.03984028036834174,0.007128022596080044,0.020929118102675306,4.625676489311811
0.02854521483132403,0.04713532605999905,0.007207358722923013,0.03978268886245993,0.021152026319790337,0.023669412524975265,0.028246869747712632,4.781537683674008
0.021106608420635983,0.03127466672240377,0.011155745133081988,0.03733421150753254,0.031047503221853994,0.006684189055798692,0.02098399622830688,4.2132264386627565
0.03828693001939691,0.027296749627348148,0.04167385089984566,0.045983046361335045,0.04937095522375003,0.004610555253643532,0.03261006167586497,4.575786937905901
0.03508037069686584,0.028551938149230134,0.025704435838604635,0.028683185648584637,0.032622096877058505,0.06837785510113031,0.046853000871987335,4.661533340172861
0.02154436253749968,0.05938247818680289,0.0711789313880207,0.034030436374546315,0.035058362153955254,0.00426139472930049,0.04947957234480708,5.496816743431992
0.028359393927098346,0.012005459570624124,0.01026811740426204,0.038581699080995055,0.047297904744791563,0.028011303444820987,0.03911142660510883,4.04342717601635
0.04724797657899961,0.053351574806122425,0.05446237485357126,0.03233571427608473,0.041517856275972695,0.002873173174472789,0.024849130813537755,5.185892318168815
0.027186856720009173,0.03893377042861967,0.03641103016748777,0.03282459362270804,0.037462103933726704,0.01860328423100621,0.04717548169997918,4.847333851811569
0.024346846162736694,0.03193077095947952,0.010110854614412985,0.029908540025062533,0.04393414044023218,0.04842421971984792,0.03548743469600182,4.300009733692098
0.034683582808326896,0.046262883020756825,0.005354188079135805,0.03692695450053608,0.0459309879936792,0.007846661799416083,0.024612479363087542,4.895276532948546
0.049569513623318025,0.03433344707123514,0.030091967640596365,0.04551723584045349,0.03370664215211801,0.0345047030277733,0.04765180008354984,4.9519193441086475
0.027261658145345015,0.053671161904083026,0.018886323363542713,0.026045851340189385,0.03425325094795506,0.02555891292796779,0.042724071521693094,5.010560279254161
0.04016406642217636,0.05503509320056292,0.019941757518340757,0.04803299116260325,0.031581528069555075,0.029777738437058023,0.04195115818169455,5.146874994317171
0.04284858845986153,0.03108604634367277,0.02120647167113798,0.040672629612446894,0.04900118420055382,0.003553708407604053,0.041275421113832145,4.599555535010178
0.02712912631977199,0.023841389861752577,0.031931072951426394,0.04469819638040091,0.040914987628710514,0.00030326399346827446,0.026010194632893273,4.253365081972851
0.04184649045835579,0.03961751642966811,0.0773607990644481,0.03668572077890035,0.02249669198624217,0.0016336674654336212,0.02633020075122578,4.937716820889653
0.0310334939815776,0.055618167280834546,0.016017097975784697,0.0433855010427219,0.04588878869939056,0.024112429731766975,0.04064878995281765,5.10165605893554
0.03896917491780739,0.02053310945028333,0.004930255659125991,0.020486011920184018,0.034416798225088044,0.011928337323396484,0.026591682503311908,4.007019937199043
0.03900589132282684,0.04114832917817414,0.007161820459765508,0.04455141274338606,0.022062617192674626,0.003533838725267824,0.03316015090409147,4.621912762361585
0.036073240522242755,0.04157801100462603,0.03701224951777941,0.021204165772560995,0.03649151765489933,0.005116968824500186,0.043460054767818244,4.738885021931709
0.02270869310163225,0.04665565112076405,0.012826089656900005,0.04669740129088588,0.032514928369271064,0.00861718819336036,0.04351857554293523,4.5459366304830855
0.04505907486767714,0.016578384256362988,0.0012202459792921717,0.0497588824171593,0.04633248214587875,0.00939555168957988,0.033597853175775794,3.8272397134371983
0.029623401949152077,0.04579124823410443,0.007177529558534398,0.028822023865303338,0.026119838108281623,0.014818120096806739,0.043765698148257356,4.821675462948332
0.02559555531199563,0.05545162603328205,0.008927982863242177,0.02630955668857381,0.044793938284765494,0.027815078483758256,0.0451586538859417,4.8911676338670915
0.02122325424664292,0.018984155443512098,0.016315847460226435,0.04296090091574122,0.03673066073556358,0.015325452001608737,0.03964327253852781,4.239649979198142
0.037726788295647254,0.02187716624619388,0.03557112434224124,0.027590790227607596,0.021638309096404074,0.014585384452191073,0.026852775569252606,4.273632833251137
0.04032693085526848,0.05856975470208198,0.008070562794008624,0.04596687149516611,0.04915535903976454,0.03218227531269727,0.028220353411566427,4.8537832592026335
0.020497634867835686,0.019048847635474486,0.003867018945101777,0.023085277764724303,0.035378457323095996,0.00656246107760641,0.029445234662262062,3.871386738578716
0.03536279174897843,0.05271925466847895,0.0011248095630272594,0.02377865589138075,0.028726305626947474,0.01629663454408234,0.02350412323201856,4.715486925564767
0.02679487325593814,0.03461389282240174,0.009238741747662108,0.04937454665301847,0.03408220525967774,0.02333586065321292,0.028194788611098354,4.504503745799034
0.0393551837122835,0.022361553720158852,0.028498493359147566,0.04021516694810014,0.04573573350552467,0.010448409330016156,0.026285576729375964,4.152848568638955
0.025230992870149745,0.05353749506362557,0.01663205681874256,0.04540661673286858,0.029147093731551908,0.01210391781248334,0.033659862494258064,5.120528761273379
0.04072813214307398,0.03226526275013327,0.008307285798266619,0.02972988132054554,0.02578029189460101,0.010485473097899808,0.047253126436167955,4.660416451175205
0.031602060389016126,0.035740867696484505,0.0012727386416133907,0.040294512485618134,0.023872137407926444,0.01699116810847255,0.023134409502618743,4.316592043826823
0.04810189966210204,0.027961668469988286,0.024026393154409964,0.037827254819257916,0.02893578195170634,0.030187393665861165,0.04160803771842187,4.647617573852905
0.024125628324379797,0.039647542571746366,0.015656320828161485,0.03809450360368841,0.04340144261120131,0.0036762862906098443,0.04061849013239384,4.438890761506803
0.030231990531507755,0.018176193629251138,0.005859123732314926,0.040475973786131644,0.03414879095585785,0.027821376484054902,0.02287262595990073,4.072365988168089
0.023404205637217672,0.029554076832588032,0.026540570645261725,0.037260775193872955,0.0268244481108062,0.007110662445735785,0.047677172147174006,4.594455848485198
0.04774080854835688,0.05847061611676437,0.0161121949347195,0.032871871079079976,0.02498554998829248,0.000640688069182964,0.03705416606470459,5.234609101943452
0.046320180601429436,0.022906671635056376,0.014103783904474497,0.028277680831416407,0.029981884295311373,0.000787323101152519,0.030911765634070526,4.200643387298091
0.02773824883145467,0.04283683322706461,0.026820098820490242,0.043057439927396066,0.048197731186571266,0.025894943793039617,0.0426961575048592,4.417883081233605
0.03979952138102537,0.02625950321123474,0.004525609566220158,0.026788172900095587,0.03029080137770073,0.012683065626331862,0.02772096375204902,4.082547124392555
0.04451666600603647,0.048673656284330034,0.018664954449429533,0.04077062918463242,0.049643722278639064,0.0643421940329868,0.04080529511138961,4.87274944829848
0.03665602434798387,0.01654368303591749,0.0047506610462843685,0.0269999846794798,0.03455691367296069,0.016122079023989003,0.02119133622716742,3.759953705411071
0.035889517350680196,0.058491052253927235,0.013811962205126751,0.03875990509863362,0.025374917548704527,0.016758780183055072,0.045182241128278164,5.130024034053449
0.02725556872701355,0.03268947706918196,0.009117852694886842,0.042412348013870865,0.046734202753805285,0.00621989483221703,0.033445125410639556,4.257249291137841
0.022793083034176976,0.021802523167323198,0.056411812350075335,0.026561416667196178,0.03381066119404481,0.016660575495609373,0.039100787430738256,4.320955114169957
0.04691647273859981,0.013674837366500632,0.006026315493062357,0.021798299025839248,0.04129014030513574,0.005921842619896057,0.02663713459420051,3.698156273012348
0.047012541714899915,0.018487895254377038,0.04497121174547849,0.023929212289825225,0.04951134749627456,0.010860514109617084,0.04031221137975344,4.200579074781552
0.03899304371819804,0.03598869742780088,0.03095399379967942,0.038179909018130766,0.021505260509599222,0.0761801279529422,0.043167208276798305,4.9581615374633135
0.03017089373146102,0.026850158821564316,0.030169115861071474,0.04548339218677207,0.022900836793627016,0.0011685198730359992,0.03419639560653196,4.340799658723697
0.030476287238379828,0.051444168294130475,0.03699852549283141,0.021349904637062732,0.04161370224388269,0.022012412900534684,0.03853180772185383,4.999912933199769
0.04177867036610718,0.03154437618309029,0.010572173847257374,0.042024537771249384,0.02845475009886416,0.011093480452189268,0.03368977771467196,4.347658470355326
0.04691330779857732,0.022435713629381494,0.014315554244855354,0.030239559378501563,0.025529041908502973,0.04803664465238376,0.04682274107773537,4.3541231625573795
0.046612592727953525,0.0408572493302015,0.00611877884026805,0.034355851097585675,0.021180856394591885,0.0008782088940821357,0.03493607541542958,4.656080729299425
0.043396266375728715,0.04533886084427229,0.0007774318744694989,0.04786578649536697,0.020655401359586056,0.0034989422613169187,0.04525426127086457,4.242318556454957
0.03926094938462864,0.018352095395047494,0.023246468621204268,0.029959145142075365,0.04323456809359373,0.026350194787669343,0.04404056174810746,4.291071616306803
0.022524198949851467,0.018380960814415884,0.0346019507191907,0.03396010801818458,0.024033002821086502,0.02794550665885915,0.032315144640450696,4.4118623628653735
0.024848861422838413,0.011833571346677148,0.0014836153925426939,0.020410472442820432,0.03403161847913453,0.007484497700822757,0.026902534755724253,3.5174835606854984
0.04695662565581238,0.046820100753282023,0.0018634064901228153,0.02244796160014515,0.03817690445538449,0.001961185302559348,0.03218246397679313,4.49068460531086
0.0381928717897877,0.043190226381090255,0.007651773329372473,0.02775774773404352,0.03285055401706539,0.014225437662706966,0.04478652127325661,4.607330102876787
0.02027591154849889,0.03373154378749069,0.01908535103292765,0.020835567224632232,0.020813199570086992,0.0250795839346793,0.026828976074581772,4.422013137253199
0.023044146285980963,0.05220852244845985,0.031487541146142356,0.03894125978144753,0.043505045077637264,0.014273126246161453,0.03573309037573248,5.025462464598389
0.03990505307324167,0.05028350764750266,0.04942351321378262,0.03279195070404868,0.020315396736249606,0.028792329204477544,0.044182902438822426,4.98794959999077
0.02015184751538656,0.039267718219837607,0.009733051734212277,0.03644435608184066,0.04285669683132452,0.0039371679895979,0.030604324253851366,4.328920235572574
0.02482424154252496,0.05341356402566293,0.025552962339348975,0.025239415576889888,0.046799134813643686,0.017859478775434385,0.039266289110080926,5.177025285040615
0.036462013680997586,0.020292060501838412,0.005411102204983255,0.028877960883098484,0.032985197631715174,0.018689859302013768,0.027368947221464435,3.8972652970339117
0.0407568559307808,0.015595980969886392,0.004456863215719373,0.03991473424558176,0.03606627419293395,0.05044569361060229,0.023278383361044798,4.060610257900287
0.039558837785078016,0.02348748057584948,0.003419442668559732,0.048959081708912,0.034309501778529615,0.027393274303303843,0.04383152675278569,4.150693980737733
0.026728079283816795,0.012854342804465742,0.041657304218532,0.021512503208066275,0.031676258558703166,0.04157402328863376,0.022969058702261205,3.909309981272805
0.04136537664042608,0.036558476400051595,0.016441694443143216,0.046711529625657985,0.04662273606111081,0.003871238275414936,0.02814144185238754,4.58751245281391
0.027117472624904004,0.056830284614748074,0.01293535351525151,0.037306436039336255,0.04681800532009972,0.007415145696958917,0.0456532826599232,4.949018692730578
0.029761990944778032,0.011967177033425482,0.021507576790040655,0.036917587002668714,0.030074490939246037,0.009977656309819349,0.030394078612360015,3.8895089067146347
0.04239474215354073,0.01610549570050134,0.019991879513811085,0.035008356056232814,0.03845209262044094,0.005390198987792483,0.049191360485424836,4.112543074769897
0.03948898697141644,0.032609951414171764,0.033875592079790004,0.0220818225771255,0.047807226864375926,0.0021551015590205924,0.049392030043215795,4.632662606146137
0.04547670231482534,0.05669375087639524,0.007201233299578571,0.022696305552084822,0.04886175496824055,0.016517023508751137,0.028048280613606702,5.0017411381093915
0.039728386769010304,0.025807805248837523,0.024707692784832376,0.03802736016977258,0.03526877121266143,0.031301087998020186,0.021229346667496714,4.505498150134338
0.03704925810006415,0.03536174043441962,0.019386579205991055,0.030228757143066748,0.03358474415852981,0.0438385076341776,0.04115189852616137,4.672538058611174
0.022810243034842775,0.012078642952519605,0.034281920543433056,0.047518041997330424,0.028360829477855773,0.00496936155410819,0.03352959507945032,3.8577965390001316
0.031031474091783008,0.01741716004810444,0.02665353626898232,0.03219771612078417,0.0487661561957123,0.01266014327788343,0.02302258531878729,4.008419358405642
0.027956071030451765,0.059331506147942345,0.01500145235852827,0.024298443761079234,0.02428442913418602,0.019306738245140495,0.04122568456934129,5.475713608836596
0.027319689301372508,0.058255934821802274,0.017087350998663257,0.04144156500506108,0.037394887281431755,0.048888473886397256,0.020935247273357636,5.167749231124888
0.04919031664257337,0.010246999046720481,0.011903513703352686,0.028800602643230297,0.028476508025559167,0.011613770801884553,0.046105900714767264,4.187250651701695
0.03179293174000281,0.057590589271161945,0.0344944559583698,0.0357641092206768,0.0283702487104339,0.0032232201313830144,0.024159575873399113,5.341455320683301
0.0467613966553134,0.04195599689077502,0.02038301799062052,0.040934983565155104,0.03214905762128566,0.018722911064250117,0.02381935636240175,4.784710956025684
0.03893415877991789,0.0533959147260011,0.048853655587382666,0.047007923336062116,0.049963788074469634,0.007287551508876919,0.025270168939057536,5.161578555185702
0.04384433910624945,0.03273699278169295,0.01374665054494683,0.04376573584405029,0.021648989205194664,0.042916977814331236,0.048807990754762,4.5702455598311635
0.035079112793155766,0.03577980142896251,0.022975620698840727,0.04029083203618172,0.037356254546105944,0.005112924990997441,0.04079508080761538,4.3766712038206315
0.03730711653879078,0.03444232901284601,0.0007540385859664597,0.04038899547185431,0.022477164741058316,0.029107588609334763,0.044041146063909103,4.352483657912414
0.03477553081456592,0.043343212877305214,0.02203479193997176,0.0483777393209626,0.02463562489971557,0.004727034434671128,0.031929049571982594,4.931593766337501
0.025857289633941336,0.016982562737815645,0.008431392126066549,0.028874722924896082,0.03318688825318696,0.016182824298496424,0.03008938182514867,3.862740540123892
0.04167356345784516,0.011498679493633897,0.004264890039761677,0.020033362825885623,0.03531380394039324,0.02843887582862703,0.0270345202034951,3.826339634771079
0.028423170873225677,0.025396497079559543,0.006707613559538164,0.02815863678194596,0.027763772250935723,0.004104806562935959,0.03441944084937227,4.248960233099093
0.020729478992943615,0.045234038136832334,0.020908790595948096,0.02653674138880232,0.029493713926232484,0.00832996325232056,0.036554862006025056,4.6729023958625
0.039364168877215035,0.020092672606147416,0.026393442410946155,0.039855037553419945,0.022609010607677994,0.0071277538327344375,0.03895324530958266,4.2081691119594975
0.02531332038221147,0.043671621666245865,0.007767675085347337,0.03901134799296588,0.029096593515327517,0.023633244267768812,0.027713555119960837,4.507409427558169
0.04821375753058743,0.05849560230536352,0.003927753622617021,0.037803841481141714,0.04899675318141633,0.0668923512705261,0.04845962242708972,4.931363242297253
0.048617857310077624,0.01469503578947092,0.015135162903197283,0.02048730329628361,0.04834122145017446,0.027932085908961745,0.025092754946214074,3.8217575494002767
0.04744593170661346,0.043630105911256316,0.05456915512856007,0.04186334163351943,0.03004634870410955,0.03350295146532504,0.048969595242992374,4.98859157704895
0.031104761007663333,0.03218751096522855,0.0014452581365284418,0.029705912374564748,0.037125618088362844,0.0070803122614419576,0.020445683675225115,4.343157071099617
0.020463698495866024,0.053407112718875265,0.0644081252394961,0.039951679670198935,0.04728786173332833,0.01855352338923766,0.03443377075450537,5.084899072244068
0.04784955687763176,0.018857489472369295,0.02918501857297695,0.036697352855064605,0.020185514679226902,0.004586110942362109,0.030001035143496883,4.2749190841449405
0.03284552444951943,0.04463129761130823,0.00608759539654402,0.030281927762837217,0.04432050711012776,0.009327323948009069,0.03347370241790752,4.532372332065698
0.04899964457131009,0.05190576448240551,0.003227658184055328,0.024037288013123232,0.04845108658366758,0.019695155546564796,0.03711993736942368,4.914790997564415
0.04890859931267759,0.05723071097370116,0.010343367182836677,0.02283256692981443,0.02273977203000671,0.0009713974430993152,0.033067674740381275,5.202665385068488
0.045590283664020806,0.04416240141448229,0.022796034612184414,0.04494554999336671,0.024843430580987633,0.013709454630126417,0.03244540550904785,4.961953282729405
0.028833466762087572,0.03485873820042136,0.023753627030303606,0.04755192626244674,0.04882238908314067,0.016333193237923104,0.0419817024623992,4.571552596312066
0.031552931858057756,0.04089236201006069,0.03416862873833336,0.03949364140292899,0.03612620430921039,0.01802612698098837,0.04057628825259394,4.778879257934989
0.04553410014550571,0.05344524922393591,0.026991352915132244,0.023103023445814504,0.02042589903415171,0.01033800310855883,0.044998138461075435,5.001906894996328
0.02950766015468833,0.03853048733194148,0.02385617517363603,0.03206081650664722,0.027728959962905878,0.008515872487315515,0.027498769437184867,4.88698023241741
0.025084782400582775,0.011519352984841844,0.01597884995035974,0.04186817600315472,0.03349831022806579,0.007822769132011211,0.038285855292621906,3.7804986665713582
0.03670403787375051,0.05654743477534889,0.00783122401709985,0.04339462652030204,0.04078726733074303,0.023855694850235445,0.037555843561785617,5.031806667224741
0.048084643224823434,0.04447633755157806,0.026438459544135186,0.023546558668732658,0.04199481134410399,0.050918597681242975,0.031092134326180666,5.029985183344842
0.040880893900249196,0.04382566928886233,0.02297153212358429,0.020000921565361474,0.049862645387763686,0.007815655923646877,0.034581726257080427,4.689069523341181
0.03710183510268095,0.020783757619885858,0.0014306507529894055,0.041364111376418156,0.028625335981512772,0.0013275259976443824,0.02941346429917186,4.052406610232375
0.022915294813123058,0.04294427351163286,0.009756985359797913,0.030697885279586168,0.03614660305605426,0.01779781157790333,0.024255331928509555,4.6840580205124445
0.038450216800975094,0.029693220282707926,0.010236450741744688,0.027634439948547806,0.03599970643578815,0.07879140352356269,0.026414036319881984,4.61437655005656
0.049701615503127905,0.042561648852074606,0.04866582688800526,0.020386924093685765,0.032169357783417125,0.02200779713805982,0.023165409392036033,4.91328423032117
0.02420252045709572,0.015329651515399535,0.026137172799928377,0.03620898220284499,0.025074856815272606,0.006959969617860945,0.040492087255703725,3.9305680891229575
0.035549889570912103,0.0428922652301518,0.029578153729628583,0.045534522062779456,0.04932369689551528,0.017794475441478805,0.03982182179327455,4.733662590085662
0.04632119215783867,0.059970686288533324,0.013383259462480653,0.048728949388177636,0.045599515599997587,0.02184525148360658,0.04851819114739619,5.1514023992322
0.04222305853262613,0.012410601943027802,0.009716804252925678,0.03697234851839867,0.03494999084882712,0.02919080000771617,0.04189035240941724,3.9217666128111457
0.04091047222985804,0.05885870921106586,0.012515636055231812,0.03543383983219683,0.0380973626805209,0.050904817096309715,0.021561375162683943,5.043520752377276
0.041074522519613285,0.030345398036143528,0.014313734451635165,0.022551691564677234,0.02681783160678987,0.01667661612753629,0.04652735521786863,4.220442170561499
0.030784734536592657,0.05353767251686296,0.0005768905414484035,0.036466184046277994,0.03631361211175241,0.02095372818240383,0.045880254888371774,4.793330454684341
0.0288077553279348,0.04911927420291367,0.04300813703063902,0.03139937236896184,0.040849103993644276,0.00029626252899789696,0.03329960962318096,5.23212520538581
0.04428083466435541,0.03835081304933339,0.031166432529041804,0.03821405842650731,0.03545501085159766,0.013014060940586773,0.03757589151583765,4.804038921577409
0.04430340184037543,0.046922460462566325,0.011851745251431066,0.031661790436296404,0.049708555117548237,0.05916193430527784,0.04928234997417557,4.920701098469657
0.046012169557403115,0.05392577806506739,0.006621064907754439,0.027208973703511004,0.038340249687431785,0.02919409950749266,0.035969130915444986,4.982997572867038
0.04739721657669414,0.03020701608255165,0.031600276963515354,0.022848958256851296,0.031129211377765073,0.03473379433729545,0.04715965485128269,4.667319191488565
0.03534027196582813,0.026351658078161935,0.002671694282363847,0.029447553337666875,0.04316456082847515,0.010972543362931693,0.022491162734305594,4.170586236033676
0.03504548884061599,0.04337966927817923,0.048545851911323656,0.02289934502863257,0.02511387534744926,0.024712844682854406,0.025731556061260485,5.025596153709174
0.043948855369003254,0.05039229709706293,0.009311933281199697,0.02530690852471952,0.031535474411187994,0.0021804532457798988,0.03322264830323954,4.797431930260906
0.03949891792333296,0.04811425673883079,0.01366730622763368,0.049620084757386385,0.030408768511327577,0.016499500476459025,0.037542704250119144,4.756240138228447
0.0410590063177311,0.049890682442931725,0.023292317865768287,0.03332310670719856,0.03295421285323332,0.023714951413018298,0.04448683555588401,4.971720026480686
0.043873780083083035,0.031779165740646646,0.00663427918437033,0.035956152995150495,0.043453394777861795,0.0228787848943198,0.04964786345429561,4.405077971384663
0.04670016025452699,0.05089171080875108,3.9877457193027155e-05,0.04620855586211646,0.034525190964902225,0.029480202788228382,0.03166554489422349,4.630901626555968
0.030139854705546074,0.01601045276853042,0.0019149064777966365,0.049867067014720635,0.04382043350797889,0.00624044914173095,0.021422469084202547,3.777866509380775
0.031267488579198324,0.03722445489804248,0.03829459259093389,0.03748143348034044,0.037294667094195974,0.009401350518866838,0.04403514509885975,4.782626603669413
0.022819458195226072,0.010287933024906078,0.018506168157173326,0.044374214631325154,0.03026208303972666,0.034430362419637046,0.038131421572484246,4.006480873435577
0.037348404229885224,0.02622929149501351,0.020316768077448755,0.02980823073010026,0.04429936231050417,0.027129236050060786,0.025956285766046052,4.462203019423421
0.021078268213902265,0.028323076743569896,0.010378273103580575,0.029172318723418734,0.02714869011659275,0.014669540578588564,0.034844853698642604,4.278258670838957
0.033967940543973806,0.02980863458046277,0.01924913182121439,0.0320811116298368,0.026731489393993866,0.020134842412499902,0.042269307366011734,4.301250856609606
0.0362793390412273,0.044773360334493105,0.035759593771277125,0.040175217880209474,0.03513508772164507,0.008194078674168846,0.04311235361205931,4.8770383101891
0.028596237563848534,0.029427905063517286,0.045232764676979044,0.04046575067765297,0.027825477378862668,0.007495148691956614,0.034988552359962864,4.577549810584674
0.037724997817070324,0.03243468113112653,0.017832355232282653,0.029457183039483525,0.02027261104853649,0.03403371914227998,0.029156435903865775,4.319394745974482
0.020915007498171483,0.021877206543716374,0.01608843628062416,0.02399629772409886,0.039448925818964045,0.01452472104228374,0.04921227746115481,4.316856037143188
0.021120445662476433,0.028662589581467002,0.027215357340370123,0.03897188769396526,0.03533281464417194,0.023045836723533063,0.03990087832869479,4.444219417235703
0.04467801681978975,0.021363481363157574,0.0030851068862834162,0.023849775865662937,0.03336553443479484,0.0053071451319791916,0.03224712558038896,4.050584943300196
0.030805719242337888,0.013659796188422182,0.017820103209625942,0.037354775246879905,0.04900905543854946,0.011116079142456652,0.028413896726139573,4.064402153434261
0.023811815379556546,0.04017242966906889,0.029445725990638858,0.04080266384168928,0.037135975518887414,0.03510472669383561,0.041933089490106865,4.684945981903158
0.035667297801644134,0.043410639927750815,0.0052346839692657575,0.04101834489183355,0.04590294733368154,0.05745019786428927,0.027265503367813033,4.683623932387126
0.043099806592958326,0.040974517300480726,0.0006237732372205672,0.042604163319787905,0.024183507086154805,0.03494104433865399,0.025151299669210647,4.477756889897859
0.026474630824905296,0.03317470219002862,0.009088875971199568,0.04618578264696994,0.037076193893882836,0.013914056453917217,0.035895016668862106,4.341910761629944
0.03868671427457001,0.028989289008961493,0.013141229685836576,0.03499876975894366,0.04603938880192709,0.01371644323662931,0.02869962177932426,4.2033370098097125
0.02256042394981304,0.05316668247859126,0.05675055283233195,0.04190747568588714,0.037493172718396944,0.016060603153291917,0.03886715434770845,5.392829884976522
0.02155045163505823,0.0359540892568109,0.03588143535093982,0.0385751820609751,0.04154042534381005,0.03600821017090843,0.023538160246227006,4.596972467307522
0.03594063894704444,0.033959093881486546,0.011806642261802,0.02559919819393048,0.031161307034366224,0.01579092961134703,0.03964823313701965,4.556205167071037
0.0362190536483032,0.011282103290321784,0.05783396621040163,0.020770689346082245,0.022773485511112,0.03071869242622745,0.028498895839931065,3.9962307200764045
0.0391228970449462,0.027062391381307817,0.007994575522989185,0.028536241570308013,0.033737008853812145,0.008637081277101557,0.02000728803303538,4.340734532261819
0.04178274001167985,0.02900978093929285,0.003605572127298608,0.03329101119012858,0.03183438172516573,0.02862140284544048,0.02380808173022529,4.358002751895786
0.04927556238387604,0.029941139044845022,0.0009189769065145285,0.03851317833285969,0.04601180547136842,0.025005184803567695,0.04800846133505282,4.216764717782453
0.03548901044903586,0.03900861846136661,0.0025880100457469765,0.04549877991509617,0.027319859070574166,0.03636693946364683,0.046020639173460734,4.489161343712429
0.02968869418823738,0.03668012733634392,0.04025895070456073,0.02588737150118497,0.049002026826053244,0.07204802836217511,0.027008270961087107,4.797928698364399
0.04385558584306111,0.04039525463967223,0.04652543061462545,0.023766493696954313,0.048744143594134884,0.022681510088135105,0.04335115713636474,5.152689768687311
0.028124967537862228,0.04824416307710641,0.043960836039980584,0.048904398424229834,0.02742894929214316,0.021587334520841196,0.03825714779521923,4.851580082475196
0.03316914262116909,0.05064928693580467,0.02896510028701981,0.023241336781292213,0.030441558664319614,0.0056787972951903845,0.049127141343496085,5.121370985439772
0.02235369144026798,0.04590615381132472,0.002195569942806774,0.03435473210321568,0.04686667222621656,0.02661396859703327,0.031208169786021776,4.423702599760544
0.020760522302463724,0.05777618479774673,0.006579006046973802,0.037566911863799055,0.04899866662688323,0.029412438786748783,0.04044381837551514,4.902778840843778
0.048879452440337756,0.010911629133818082,0.024489722232335545,0.03624123262722315,0.03330317308508132,0.026573768429701907,0.021906071672717558,3.963991851051968
0.04507940361536618,0.019788899284177305,0.030937228074020454,0.022580964710988298,0.029629911369226936,0.014952383873778057,0.031887420404492176,4.227932632406932
0.04087922618281094,0.010378143748907106,0.019730161888610757,0.021710807420108582,0.03578282039754627,0.007341524201334052,0.04891452983564541,3.9328144594195886
0.0322685883324281,0.04237373570773015,0.05706145824865694,0.02316450282383107,0.04063307619097205,0.00993207023481308,0.03616942623350362,4.803368657751874
0.025198829602125373,0.05490152744749934,0.02903958419439519,0.037567630516178376,0.028204235461249394,0.020706993917022902,0.02863638510004534,5.217206595003585
0.02469311128013258,0.022174114828814963,0.009681276446286408,0.03633034662902963,0.04209419523857219,0.03198649474223369,0.023608128893858205,3.853520967074758
0.027507286944937863,0.05635172723981533,0.011048097055927655,0.02701222376110233,0.021549720713439233,0.01822189663814978,0.04110585020544592,5.083565665139442
0.036476799941183614,0.013013369514478042,0.017942540143062617,0.03913322425536775,0.021478834782932495,0.04369151620896158,0.0393456813028918,4.019261381100019
0.04143787768100187,0.05672180134027571,0.008766269971594175,0.04460202506166948,0.03158863115436636,0.01513396040953853,0.03121816140811324,4.84364666081312
0.03980592130153194,0.027581134361981723,0.008075988465801353,0.021247368795397813,0.03060419576182162,0.025831788394230937,0.04852824055597503,4.3337651866048805
0.028398016908378287,0.015071041422460825,0.017876410503452508,0.034943898306441276,0.02946899646101457,0.038504762307610685,0.02066608438963551,3.8322970024165586
0.04864595841989583,0.03429358795931628,0.05483789442864774,0.040679312363080714,0.0347305928800673,0.009919316958139841,0.029111715548954774,4.781955170548106
0.04213690750087305,0.022838828386025398,0.003654786706992144,0.027569357812090613,0.029622007469347136,0.027203763612541322,0.04763208458898745,3.9542762506327858
0.036630621575342026,0.02424364509809614,0.025320072868772952,0.029233127158794475,0.02576773755404276,0.04320851604698407,0.02962806314958321,4.438893855671507
0.03835162238703057,0.02536449824631433,0.02466149946937298,0.038409137089681515,0.029284086472658028,0.015809813239158685,0.027567585015655115,4.244280527755733
0.0325880018728337,0.05015129489163317,0.01739330904588348,0.04693805880331211,0.04924712818430705,0.030016901101470185,0.036026612297937424,4.822239046964917
0.027431929685034724,0.036958063833762725,0.01729654288401638,0.04429773260908698,0.03233340250984546,0.01810529378626797,0.04471405249761614,4.623731680477656
0.03067918035953785,0.025565384957800183,0.043238736785306695,0.03749390657298751,0.03334138330575007,0.038069819167990904,0.02309440282635083,4.380810175385626
0.04273538331393108,0.04051668916554592,0.017437410382427715,0.04190665153271748,0.0372963496985342,0.00136638531370972,0.04829062128937209,4.681389174342849
0.020431804658892678,0.04580753371115968,0.003740089831300323,0.03094467410623396,0.049500223052426795,0.009414371831418165,0.043852186435434926,4.367947010355509
0.02348217921520749,0.023631200036676688,0.00467872097862535,0.03922896584296273,0.02724803829307289,0.023057816148051167,0.02543750766654656,4.1429527021344175
0.021380079260652583,0.030677455076267575,0.026984177497112422,0.03398544773382671,0.04043846331597302,0.02347384104940404,0.04136023883594488,4.677881992998401
0.021221864069569104,0.016094304666847376,0.019357255972797992,0.025698084093726828,0.04147954080625173,0.013191926430574277,0.031548761679126715,4.318697315933701
0.04566381752033022,0.019057467476734015,0.031191090062151275,0.04105214821631772,0.03821973250379198,0.0005162505950571505,0.03206884034228956,4.22517057048864
0.041109735781400716,0.04405589269824914,0.0030803111645468662,0.03669393912046466,0.022657350189099323,0.0044181086149440345,0.04349870277316599,4.722411641611336
0.03422521487261976,0.019071917384781346,0.0049060107194635865,0.030758647458607742,0.040306168274827296,0.02749339587350767,0.04888354423942197,3.78195902337459
0.022935024819530046,0.036258169183353006,0.011233960705207222,0.047340175702358926,0.021922841331085265,0.01712766447635762,0.02379967618541582,4.6657758011959425
0.034748476253504974,0.04545231308612163,0.003968298150313894,0.020628023534802,0.037884279486496905,0.000749858092470205,0.032618907106364586,4.679675815100636
0.03420415312341697,0.015343846154737191,0.005187515259037833,0.02947319453748488,0.04218743531665228,0.033380923122326364,0.03442824824252911,3.817545434639746
0.025196056097300457,0.038365610981445177,0.057532255948622976,0.021706441933329396,0.026329096718598514,0.0007235116295451821,0.03128935450864993,4.990002628032792
0.033015549477139194,0.022828139185068187,0.0004274673767779222,0.042995819486648816,0.045248660226283224,0.014504255324417348,0.03089567371148675,3.8708134443454907
0.03195514203192121,0.05814634376187899,0.002567475394146314,0.04106322362341378,0.02091061416599013,0.015837675347685102,0.021568060026847895,4.846037964532527
0.0384755029415665,0.034177282335996234,0.00849344455256568,0.029940566562089512,0.045314385909749184,0.017671363021281774,0.0405661586168787,4.463801492460919
0.03905280952602931,0.0502996274887579,0.02641536119270428,0.04026988706621219,0.033809871519282955,0.0017387696871997366,0.03308643251360136,4.84150550067206
0.021359120293161338,0.03751132710781309,0.00025878027182030684,0.0318781167858785,0.026527638197949337,0.03482225268809723,0.025843814079317802,4.436508684808813
0.031238378438794137,0.012170626642740958,0.009986650270276825,0.04268761374267303,0.02401334434981904,0.016525377873289865,0.04448100506906205,3.7724575201207804
0.03877579747142709,0.041657568779701115,0.040787760301110726,0.03362550988210118,0.04859921502747118,0.012001776279573249,0.044076822444548844,4.7207735487774185
0.03509408775740264,0.057570167110332846,0.042508892664321465,0.03236839183494997,0.022179967627434703,0.013090238496570126,0.03459174884266682,5.178879497982465
0.045694695235649674,0.040080591007316556,0.005871650096337694,0.04804189746464903,0.02597280259807777,0.002611805642074274,0.02895351983443282,4.642559340742755
0.03976080894856835,0.05095944297133951,0.03871133699430174,0.027526372996721008,0.030434670422991382,0.0331858297361826,0.039142781773893576,5.066883569564832
0.02488803281244289,0.05421032316742039,0.030165448808411634,0.023613420199896963,0.03860704546883362,0.00027760109141160717,0.028644564073322092,4.858407386271759
0.022117062422012897,0.021403988597446622,0.012692333159597523,0.03753629339778375,0.03634403255828295,0.0006089703886183913,0.027080237909711362,3.97775794108779
0.03927257834618947,0.02060224199541133,0.02762015564830711,0.04907965436852537,0.02376930477236942,0.017072594316747798,0.0419154396207898,4.298666814702052
0.020795339316248655,0.040549049442549584,0.04509352757954616,0.0313351764118156,0.02869183951214644,0.00988579875820623,0.02120975719162852,4.662392791246191
0.0375732674382039,0.030551423490335232,0.029829586945123512,0.021861102908863447,0.027162553132580723,0.025885420153914023,0.02284305413103782,4.399903223875828
0.04820690724274873,0.051993065143336015,0.020637916783469785,0.030179158019287024,0.026406285634710244,0.031065898946295103,0.020203645220707694,5.286756180141423
0.037264225336276366,0.055001156169900554,0.025721948043918388,0.03517794962958676,0.032334330094399615,0.010107725519709825,0.024588295594262784,4.966140728717378
0.03164509778619566,0.027671068965135902,0.006685846253149985,0.02485769019896641,0.04112094357774971,0.011127979466099624,0.022069700261313784,4.1214884659539575
0.039298646553270596,0.0218435279487241,0.015988756174262004,0.039743066541694766,0.02652358796651708,0.0037489793603490886,0.04987407103339756,4.182113721541949
0.0337475867147455,0.04902627576219309,0.0034263904802204126,0.04993248167030602,0.031000366391089444,0.008293881221892077,0.02866429909862269,4.633674587186899
0.036368503679478054,0.023740301777406804,0.024431662159813135,0.033552184279443314,0.03172752280523487,0.010204186914503383,0.02447804038007742,4.357114830467986
0.04824394426329576,0.05113071592568392,0.012296150180540009,0.030641856701906382,0.04929369588306231,0.01928376528067391,0.02722988773987754,4.973519945064741
0.03158307913402323,0.031186912682438138,0.020926940338616754,0.032021125005034,0.048639990706372066,0.03637639367768306,0.04808376714620404,4.433632647718125
0.04883571691471743,0.04337749496457352,0.05917815799583063,0.023454385351856035,0.04400412748256228,0.0068684018112680515,0.03560480669073187,4.857711345721076
0.047160519258681914,0.01477676569173341,0.0296739364410399,0.04649820804278672,0.027249767624575556,0.002286209116403401,0.030944542889235708,4.281649777193507
0.025873734043678893,0.04119296623382865,0.04560506118295138,0.03244476966564056,0.02204111942275009,0.009710433055769466,0.046201743737276584,4.896848010915474
0.022080839026254965,0.032588383936861455,0.007025066243331317,0.031618232342745245,0.029507124131618746,0.03425884376792096,0.031849708116470976,4.563265024414015
0.0230233400413228,0.039330423158773706,0.017864933199813644,0.039790708187914234,0.028003836483014927,0.015092944892467323,0.030050257098730875,4.3500542848911214
0.020546654769546494,0.01840071038724317,0.02914850968956545,0.0332610026279337,0.035177774004391815,0.007172380069787279,0.02621847567649207,4.141494269548643
0.022833288822677853,0.0468436872472091,0.00016135200489026617,0.03944700406423538,0.0433318373020338,0.006313577170858683,0.03133390471728235,4.684514022203397
0.04049020320249071,0.05313985387716143,0.031139293438609626,0.021843388703923626,0.045749688166365744,0.013175736527658678,0.02950053068050778,5.005236679763067
0.02213565945380687,0.020836990004538782,0.0012384038813230188,0.04441170031166683,0.04534592256231526,0.0018777739934592724,0.04031911877894423,3.8233919127423057
0.02956926890881284,0.014785727776008086,0.04369272703794626,0.04821511858638208,0.030790266836692032,0.023888595525203084,0.028687481140121814,4.220431855269067
0.045346259329083635,0.01118192930231682,0.02721014038547225,0.03946296158478158,0.04061703030382049,0.02025333283853557,0.03731599239267684,3.9425075151614206
0.020698158072074778,0.0420985750221633,0.003837407918263592,0.048636977865764326,0.0293850259257266,0.01510311376768157,0.021976764950959182,4.451341104347092
0.04443405447766807,0.040354701804439036,0.022423025214794362,0.024542969431098897,0.021827166297055483,0.03927348080590007,0.02573867470089543,4.753537410606299
0.028455643243202,0.037334870635703496,0.014781925714264597,0.03432248568441061,0.04104695796808827,0.00787640621584191,0.032222158148340466,4.433770685551592
0.02354494482864969,0.02159735480579877,0.026881173718162447,0.03805420201836342,0.020294826577093635,0.005193008518885606,0.048108477617260864,4.42959164027099
0.040902114960924524,0.02954529979527573,0.002338621849841427,0.0374520994226356,0.032275477623754656,0.04671281346641482,0.031317559571470865,4.311872615720543
0.03886828540339652,0.03972381675930865,0.057331689334999054,0.0320438533726713,0.02988137807906227,0.0023878509069578608,0.03992222363599503,4.953139843950153
0.046324160405811596,0.03483834294295847,0.014238535751074682,0.030142532280987844,0.04080132615556557,0.04891088791293813,0.027652616672641947,4.644754277111083
0.04205213131411657,0.05938927601074436,0.019328890056161056,0.023804720676512566,0.04298736418281137,0.04352411804410954,0.023811007279196952,5.117561137227302
0.04410442791154546,0.016821987627836654,0.01892825445635153,0.03175227351686835,0.029122839079138516,0.0052191655205378025,0.021756098002401504,3.97881263510057
0.028461037177139194,0.044757227702379686,0.036586762230981694,0.024879824453164556,0.04434881043334561,0.02199659295974956,0.029162404956282542,4.7937634728529135
0.025323186313391685,0.030215938405214603,0.021711704728547884,0.04203097029476656,0.028817502815148013,0.013709021862953523,0.02472983080390724,4.41269274727605
0.04251844254922575,0.031409980746280736,0.02550909114610639,0.0262649280648377,0.033389790799596836,0.009197721264964282,0.025220313440483727,4.37532997216511
0.04420504217801792,0.04587988828290881,0.03865369624755296,0.021756959158536017,0.04181055581042402,0.035328073309205274,0.0428227792516085,4.947502008762214
0.0497151542600202,0.04462180756621848,0.03452165874815888,0.03657098413451703,0.04078760687674366,0.007371639486916742,0.020475142128346228,4.819553872591049
0.03237853030734279,0.05956279968510941,0.01446700170944299,0.03785689198158205,0.049621054169366005,0.029815922026075532,0.036734303772063034,5.319554287860846
0.031160542573783496,0.01641971447270626,0.006372387260435089,0.04615739183841516,0.026754830726477958,0.03678714751668874,0.03138384141780395,3.6282152082881347
0.04329238882225991,0.015205482469208317,0.006620410936910835,0.03730944837253046,0.03986953740618747,0.016643265212523538,0.035196499997256415,3.881566452053564
0.030224106207590536,0.04621694085643706,0.014736733329976517,0.030364425611703372,0.03829045724827332,0.039432466286054416,0.03688490711643809,5.007102129350496
0.04792271976810694,0.038919345850320454,0.0025961701492174197,0.04409035644578962,0.047452953634700895,0.00024681052846032767,0.029401030833718346,4.412725406358461
0.045752382555290357,0.02370803332799029,0.007742225467982224,0.03620836679562263,0.024690864249346252,0.0025470992057433743,0.02885326580552856,4.25366632517626
0.03286982082125055,0.01397096844944933,0.007427774601450725,0.022378408538935753,0.04255394490760799,0.009235629041804198,0.04200205548004717,3.857233095691383
0.042526132033744925,0.014282912479821526,0.018675922064821084,0.036975516809397396,0.03704805848806306,0.007104292595387839,0.04613830964363472,3.9443914516954273
0.04263628622254047,0.05470954373320591,0.018618370977621545,0.04724055636264987,0.028239976093637164,0.018952836856247626,0.025777448973755838,4.780760838313583
0.023093716065077978,0.019593366235937146,0.021603075286928182,0.031889378764946616,0.03423304742441523,0.0003789360033318919,0.02292856281605447,4.110313502105207
0.047076587200387,0.02616857810577604,0.019304533438889004,0.028889774056994003,0.030013297912093936,0.03293417202832963,0.04693387419176078,4.328004087139795
0.035157571173435716,0.0213328201113494,0.02368932675741744,0.024304083710540603,0.037379402083653826,0.03968763469085433,0.03049686390942196,4.154500247871022
0.04479372398323225,0.027749815291596862,0.02052352711799523,0.02454336565806072,0.04667001832443998,0.0005901490737840282,0.03653952171988442,4.283181088632749
0.029601488030918353,0.013471192137304668,0.03722487061358125,0.03298314453025457,0.03707914953236606,0.006660280546237373,0.030786294335600106,4.278285145473639
0.04686569685488602,0.03595298954541352,0.007565976937414174,0.037870394724845886,0.03895167254979752,0.0455662590935717,0.02377407009038154,4.781286086377063
0.03167605036202489,0.013380628179610745,0.03618794514858929,0.022418462155088054,0.035562435413441285,0.02572179802671454,0.03767994934843184,4.1405683866429195
0.020325129544408953,0.05001782539111808,0.02046411236961025,0.04818705767075497,0.02153496519336428,0.024909433071794586,0.035754225553088895,4.885490094520687
0.04716145929257791,0.02168560409552165,0.00217781469921911,0.04265400852335588,0.02698575670628283,0.023357644615771705,0.026089806775735917,3.8938385654247405
0.022738600303584006,0.03700059573022553,0.016099242392014212,0.03759871754850988,0.03476005188296248,0.0035172232399573247,0.03355607133956834,4.56798064471336
0.029579409127712446,0.05400395437807291,0.025500644557607376,0.04485316012816973,0.029307058512341146,0.015186849517791106,0.04390842512046938,5.292424144390166
0.04850185901152415,0.04254386845235971,0.003411899651192438,0.022405602704363398,0.025452907932835826,0.022309822892871218,0.03771278309323674,4.597246234607712
0.04851821440812669,0.03664788932756676,0.0052341119856657015,0.034305166331993736,0.03512398525755315,0.0695684807260072,0.022907519812009846,4.240757236112749
0.037203136643698585,0.026216687655768782,0.04299987387120241,0.038902793805849906,0.029684293803435513,0.051783167284503766,0.03644064491687406,4.6474997242420395
0.03895511636509398,0.0266500956529099,0.05126351486795827,0.04485958718354868,0.027743229295202444,0.01937987412239079,0.04108214897868761,4.712671901766824
0.033453365659349595,0.04347434775990951,0.031162124401414807,0.043504086801478034,0.033919562523211426,0.008840329935824067,0.04378110217342254,4.664185717738895
0.028796323150941938,0.05970696806105837,0.00789221819431399,0.02831207749140199,0.023998527742465196,0.011060599560849557,0.03887352735902801,5.057022112614789
0.029859936361097482,0.04309195949246893,0.014234655768803664,0.04822640508677613,0.04783237199226222,0.008319447407507608,0.024579744936223513,4.669519871619554
0.040175553682311155,0.03788917086850124,0.0127259994274519,0.02373037524292611,0.04603106293757717,0.01581458232956276,0.04130519799770482,4.542599405987768
0.0425712358831304,0.046532525511962304,0.02157709980827002,0.04625400855863457,0.04122861757221606,0.04829741350091871,0.04032025538244549,4.8211027982890435
0.04374737131177546,0.03326028061418591,0.019209429784572185,0.049128207488138564,0.023186414827653688,0.024535395399495622,0.020732806488218996,4.671467333560486
0.04368854428383662,0.013007117130039261,0.043777673680428064,0.025314605696678767,0.04327631763409079,0.007071347109047988,0.032352430027707296,4.072684024372793
0.02273618309146071,0.03811484079389549,0.020808488931695623,0.04166198192611356,0.044238719843270574,0.04041120178866559,0.0299885074088712,4.424674410211304
0.03483260914107744,0.05788126422526901,0.030610485715779966,0.021208565563339953,0.04303293853143013,0.03135828335275737,0.040082361927609306,4.948447428279631
0.02172676280049933,0.018765147117882984,0.030644043003172833,0.03216268475417465,0.023418976613577235,0.02975478179123657,0.02648407436932762,4.365416751999787
0.03648586646971207,0.04450024454103329,0.01765434238891791,0.03548849897593022,0.039317238712032944,0.048551607498062255,0.037726157689227754,4.89057118059099
0.033245915041201314,0.02004668443295282,0.002950098790568528,0.037419356777289026,0.04502974387248196,0.010730901922209893,0.047396178854425174,3.9476418093037737
0.046631125482748996,0.036791384223654064,0.015581230252842162,0.048078117447456784,0.03732060203659003,0.009640553473107327,0.043934071166258234,4.540578596822795
0.030527450376562362,0.01483382248233598,0.05599717731991158,0.04016752061882584,0.03939222125684267,0.008480297636834753,0.047643732086495916,4.178901940089467
0.023512010492828177,0.032518546812909256,0.08245036599869966,0.034438338536577115,0.03375090438278919,0.008796183433915389,0.0493551790079807,4.698901647678747
0.024289750461585075,0.0478081664447623,0.020026026570721583,0.044290251087976684,0.03586121959652158,0.029897237837173806,0.020320103810184884,4.777114989530163
0.04284531895152417,0.027378576211949106,0.003989148322295139,0.04851598462863227,0.021031305750551756,0.023233564427933315,0.03868223829132433,4.000567850435911
0.038546541899487835,0.0432455862243609,0.021071949591911325,0.020661984460468727,0.03916889065919854,0.011866021554854729,0.032385181932767196,4.665828968982017
0.02303368028368371,0.04977249803948646,0.026798121703582645,0.04947563816768116,0.022443416386734777,0.021692869494660177,0.045795634710053656,4.967852659288014
0.022523204183449923,0.056358890973972633,0.003512049802239808,0.02258396417191041,0.033050437830206704,0.04236148876522029,0.02755444106027395,4.942097259039533
0.0410290739437736,0.021732104092772677,0.05308609868656278,0.044431603378062845,0.028779652930022236,0.012104219409448082,0.04943088467345229,4.478297067008942
0.022182890190925807,0.029965795790465405,0.010188347017970214,0.028410042576542376,0.03636283850635139,0.024239705221985465,0.038411239086312415,4.401356457563473
0.04465580177871069,0.017620800666520872,0.021374737583026993,0.023965389732616152,0.024002490065696214,0.0063327078039296155,0.04380612206686493,4.338963570148688
0.04118726681469489,0.05962417510791876,0.024885559664300512,0.03319566919141505,0.04074930205919955,0.019471517774789518,0.02256798658468305,5.291032503229826
0.022440463419256994,0.05635004839621476,0.015027757949212791,0.03931869738342841,0.04385034610785411,0.008854892072575947,0.025503736542765953,4.987274454852145
0.022545131422555757,0.036997856514027976,0.02548253879625146,0.031428555350704254,0.024900633492294696,0.017553404470638766,0.042752110191026094,4.6623813698918575
0.04959918735503527,0.052101664718821064,0.005511492192666027,0.021636962248480968,0.023129392620556466,0.003626237797693927,0.020659595661179708,4.72360895980206
0.03122812387268361,0.03604789886360211,0.0077119190741140415,0.0379838341897615,0.024365464483620775,0.03463356320854796,0.044506339576813485,4.610618504287017
0.031119264412006728,0.04117928440013798,0.02128000294189103,0.04707209828332025,0.04631382685695505,0.03570375892600066,0.020418470560757344,4.876433388764585
0.04438398701772508,0.014456221605800831,0.019864328169050677,0.03149646097841755,0.03584567785269069,0.00024475119049732156,0.0397135651718382,4.065696423375475
0.04841745732151576,0.0477635210248404,0.029156904052106008,0.026489983328924813,0.03401782988022508,0.03306642308841691,0.030952817606954175,5.229792632496983
0.04958003191468613,0.01638567418176174,0.02136032803673437,0.03327732037798446,0.02320135457307063,0.009683088991440481,0.03834484558157597,3.9720204526162757
0.04260134555776825,0.051303381512626416,0.05038257994524209,0.021450881331463428,0.03948668020270886,0.007166397679758246,0.040880942209673414,5.0198760455115625
0.031287787565927476,0.049101404383519294,0.0061176570424593315,0.044614627534408244,0.046039987756852696,0.012198671502418261,0.030274256575589128,4.7918315428925
0.022505021500960065,0.04543723488714882,0.02121954569000483,0.0447902243285056,0.04484557607970359,0.028631184704282425,0.023238873443325068,4.784421971442164
0.04331440747782311,0.011808019026238105,0.018629640407918237,0.037640013902888854,0.038781641269424044,0.01191853274279829,0.02208937603244797,4.071924826169072
0.036752127492074155,0.025156417797266427,0.0023270670634451956,0.030593086668151685,0.02225836149955021,0.019453640035311942,0.037668080676876436,4.13000231030594
0.03272666027740929,0.023155628495542143,0.023933775994626295,0.0439935009333735,0.02337191081528039,0.006055523319440198,0.035619660612023346,4.190349603349248
0.04719063155284208,0.028006820373575957,0.030665679079147017,0.03664061074365102,0.02147926961329474,0.04617719205529629,0.04226603027363397,4.568077573491201
0.02333592446918454,0.014382137338191927,0.0026819887977676485,0.04477796925650049,0.027724376494774078,0.010099195220445542,0.035292065300118115,3.595715070098091
0.034778753128725776,0.056847891151553136,0.005165769329293485,0.03894376377749062,0.024069844014811333,0.025867228756849506,0.03267337370092638,4.82327929122179
0.02034060934302257,0.03769011203561881,0.03387872179841572,0.04353216419638392,0.027801441207573017,0.005017784273194391,0.03194261534708693,4.796715594025977
0.03405981925982379,0.025276215532901176,0.0021137661682004765,0.037956889796532806,0.03155174167156885,0.02502743214112693,0.020793407077930023,4.172516627342627
0.02168909827045512,0.02984907585371417,0.02659739874208568,0.03242423204646999,0.04828948352213407,0.030392800046185532,0.030066716050899715,4.450534826135519
0.02356453748804216,0.03236012702524178,0.01909303290027259,0.04873837579778413,0.038311281793450766,0.003469795760191934,0.049280604725734825,4.237350219244023
0.023525787403313146,0.04002971666803086,0.01722180051519287,0.03623341474636534,0.04504921357048887,0.002317482166604856,0.046206667286812664,4.549034892148466
0.03947630906348191,0.035783971384824885,0.009139603992220384,0.03815268555621615,0.041310545021369965,0.02259388519789506,0.029881342011026532,4.310283631196721
0.0423813463779627,0.05596959866072086,0.008652848241296952,0.02661462918244248,0.023375093915798954,0.027603937439266407,0.03763386215199117,5.1673669978708965
0.03750106295291479,0.03484817414529151,0.009007815896253218,0.038769523682818295,0.04207761219121847,0.005809173034441479,0.04541890236606482,4.358404168559554
0.048865176454236256,0.059607900741165634,0.027243745795910622,0.037148229484488315,0.028252966446773733,0.015042062521716205,0.03323823010250206,5.12597866409068
0.031246117385711123,0.052571247887254785,0.01677354708687697,0.02554515193841075,0.03917323540984119,0.03847325509132706,0.02053873591250453,4.940198372681135
0.02857136258845582,0.02042552571786679,0.018014743717511147,0.02178761292059431,0.03022885920928966,0.012616915044486053,0.022235313854559204,4.0467285024698
0.04605797384568381,0.05652976073219581,0.003939276297552747,0.038130779591443134,0.049930167897939776,0.007940780981508074,0.0353117816404612,5.037495068168653
0.02670787515558358,0.015818319894273805,0.0484919979656644,0.042910768080509615,0.027906544384903337,0.006862417982542919,0.04908318127027635,4.1657546570583355
0.04889667618321834,0.05087248542455958,0.037208153030486066,0.03570204112766025,0.02837391412322809,0.004372584909966466,0.040796286266566034,4.952380740486079
0.02036463424069449,0.029031164673829005,0.007898009552071206,0.02680317875958937,0.04792016766687195,0.024386349451316493,0.022127485743157087,3.9213741845816767
0.04909636480122917,0.053898716022253476,0.011750121140832182,0.03999565930079105,0.02073933213908968,0.012213681960903786,0.025680826273755883,4.991172008747076
0.021294797358517283,0.05340283450537252,0.0215959322695533,0.022403171798288067,0.04090066963619591,0.004709071274105842,0.04313969429650551,4.88834319607764
0.04673429341094214,0.05029627000588106,0.0004534573157898118,0.03325501114405864,0.04175979172207635,0.035863654838233686,0.04524319279868734,4.534110666754881
0.035831033272589,0.04950152181535307,0.03366461625568335,0.024901002751952606,0.04509135732231198,0.01530933394722096,0.03853083758565773,5.131574448559763
0.04978894388357902,0.025233956954902038,0.02538293751613324,0.025533771531796503,0.04923317931915426,0.005884038355659026,0.039332695088894504,4.416636184157348
0.022213896942061967,0.01404596415256261,0.021532012468424334,0.02606881847474611,0.04926805757469957,0.007658402412174492,0.02085012351150154,3.892762337536237
0.036615628532039625,0.030149008938258073,0.026825767073605435,0.03160121171131934,0.02195830272699392,0.01253703950882534,0.04485590778744526,4.706581404858427
0.04907907606857297,0.018676225749325433,0.04011441484837461,0.02153450616861193,0.04465517968258707,0.014567054371410634,0.04364825624512489,4.375942887125667
0.035692935325104466,0.044747554445123086,0.013669850345867294,0.031933803227872946,0.03938929800972144,0.0076167769431142686,0.027771054323100418,4.599425836530002
0.03888195914405788,0.027304986326889276,0.0014555366523435042,0.035351223413441026,0.03942026403119274,0.024804685573286776,0.04126030159896521,4.007433281279831
0.04087246066953852,0.05878051004299574,0.011759203817463981,0.03449882854898976,0.023850497798440846,0.0019696321125405917,0.026445638192749945,5.1564590127918155
0.033636231943033196,0.0420486038672666,0.03767863443385136,0.031483523012091216,0.0395056149933696,0.02781848448552534,0.02120990483154539,4.877195863062184
0.0388267424025219,0.051124028181718045,0.017981668767521154,0.045174398242122576,0.04947447741803744,0.051625403939200204,0.02603409627771132,4.9556170975248826
0.03752942935769301,0.01662623363709242,0.018228401833013188,0.024359800772615126,0.04735455708618341,0.015102313341556588,0.025358866302628985,3.9065186327878307
0.04703474031472967,0.05310072411363113,0.024409809083142425,0.03517090231344122,0.03317391982414552,0.030197497039207412,0.030132439902045418,5.15654383896739
0.021363391410243737,0.056137859525669714,0.03378630137339853,0.02186124250869663,0.02119843919858283,0.007866457301233172,0.03255348491526375,5.0617785458284486
0.02842889568776691,0.03435309594094679,0.03350298851230151,0.022134670366337292,0.030868804700006146,0.007402480275711368,0.03525616674493124,4.60558910519619
0.04851234452229676,0.04031264688754887,0.006029115937860364,0.037215975490312886,0.044791709348016656,0.04933355873463693,0.034302616265249844,4.766786379253056
0.04670791351672749,0.04824049004514977,0.04768477545125798,0.03698055274663463,0.041044973043954984,0.021546065499878485,0.02812023817895868,4.995956658905709
0.03366970258357139,0.018741931363020627,0.006661096059593167,0.046341005385333714,0.0337803096678187,0.029468064434071472,0.020875120057222234,3.7914655113049833
0.0386039779340461,0.03512830382317212,0.03496315335301445,0.0367362102698022,0.021653046054764934,0.03823511758252332,0.038153048667114525,4.632963522119257
0.028321435489433982,0.02993315138861565,0.022248823900829683,0.04879373061214551,0.03280684183469908,0.010795331351659394,0.03187234489542063,4.53491043194024
0.02564363479171284,0.017318699608112456,0.036024017458516036,0.021460845451997893,0.03407074819153651,0.0018272282427753608,0.02896016472162649,4.180970729184829
0.03391095214819947,0.02837672111457657,0.0028847359812232054,0.022940230543422233,0.04785666598682408,0.018729231286320647,0.04600823128491537,4.141585707620946
0.030600566840781586,0.013408615469274679,0.007587069044108706,0.021321975847111443,0.03923258310746479,0.0007983589391120961,0.0424022992339448,3.762299716990962
0.037509683355526166,0.011290595347474348,0.011502392317424927,0.0255583055100062,0.02934958749963947,0.0034876887663726408,0.045732966451173265,3.9347927056998886
0.022332039108949545,0.016758314457741137,0.017010976225978535,0.036238103328250344,0.035759547933521645,0.02185518214208751,0.03484948384137383,3.91963058622385
0.049231844229985,0.05815575557945869,0.037781339243558525,0.03936716544282284,0.021981659234664802,0.03055183566071089,0.023927937563803327,5.356966575473769
0.04958632233438809,0.03747647679475084,0.04612974521420078,0.021367554738460064,0.04917704706949211,0.011325844555117362,0.04088664308363817,4.70748364741078
0.04094485142059236,0.058291108057660995,0.0008052458606086724,0.04837912669536798,0.03080179705792178,0.0445628570469616,0.02618221339811526,4.792063414821469
0.036082890990323614,0.031624893916506594,0.025934613953986236,0.045264961299511436,0.03433602064739408,0.004619283615203058,0.033236890072751504,4.421891736211773
0.029285828488589835,0.025590806654262978,0.004479463330363934,0.028898374464712794,0.03065851922710768,0.011937216133282165,0.021950023668466656,4.051878495627406
0.04441385059120846,0.035307093142012205,0.015389782782813846,0.02231562590679404,0.04047535190348601,0.012306744977648942,0.04475925207268948,4.538003942327405
0.040541935176616375,0.031975584431645505,0.015985586119941997,0.025096612196571718,0.039866964749887795,0.0021867864752429305,0.023778219231425018,4.425612247426885
0.024878508180346738,0.015283234213087195,0.018953071236306726,0.02380833241264918,0.04145966931587407,0.009337752888979473,0.04709292521147929,3.551668165490049
0.04732781553481528,0.04204131573451031,0.018060260145710192,0.023698513378968406,0.028044296888357627,0.042092764742059835,0.04592691806784671,4.7356402263527295
0.04467611728769507,0.02080190912547998,0.0077189146682777356,0.03555685065997202,0.029470054434921983,0.01396386238930103,0.03393748293317739,4.049734074904782
0.048493997398757725,0.040979397744891476,0.010518724365041207,0.02737542327480201,0.02375753693288624,0.005770580085144175,0.042331046129119726,4.863293314292252
0.0417715852516508,0.042510054619907665,0.010608066317171577,0.030744191495874335,0.03966529915538338,0.006555150554092388,0.0385833522145446,4.5170465146904055
0.0384024558780737,0.017601242656432405,0.0019204733204705561,0.04968516000152967,0.021193913820069576,0.00106722186893283,0.04409226927013235,3.9333294134021584
0.032547291088718566,0.013067481355533407,0.016596370388963895,0.040529427467760344,0.03793047006570377,0.046608069555621565,0.03295415302357736,4.15618463305905
0.0479818545006204,0.04903807930342199,0.03185133117824375,0.04846942001141004,0.04609087654554902,0.00233111374367742,0.043574254527330505,4.82969666018593
0.04598191668501225,0.03299002118846601,0.035077616705096265,0.024276696650993468,0.04672496444868901,0.006513886054285652,0.03387370451195444,4.638358328740209
0.021356560103185682,0.01290818977527379,0.04188338453531521,0.03146418424497708,0.033471132811098855,0.007037169351742747,0.04822897363528382,4.00818993901973
0.02079100923491756,0.059743315858488355,0.019079569657826742,0.036641954098470625,0.03377911064639222,0.03254145053300796,0.03459116302475443,5.0656278217453306
0.03129390100634149,0.012889028049818332,0.03115445117598368,0.02230274185666214,0.022309075490240523,0.05234229269215296,0.03387857815801189,4.045513393795673
0.04431659992345499,0.04475176144292766,0.007387278375481457,0.020125623308838738,0.040122950763291074,0.01728376885027837,0.04355215584690539,4.605581917139522
0.04961828387944833,0.05918394626317068,0.007837707531130646,0.04011303001390753,0.04463778261118537,0.008764989986313448,0.04464733075282514,5.354240025167748
0.024512506733105847,0.02195900521079628,0.03133862914584208,0.039254585504043066,0.027339651638141393,0.005020518575077078,0.036634673429635126,4.3819707223281785
0.037823921460564056,0.017112468434359807,0.015481711036020019,0.032323664299988356,0.03263902644900094,0.0547118157522935,0.025393934404852263,4.235250331975449
0.031426725698930645,0.016069246971121443,0.018813589162251336,0.03468932228096098,0.045165180102958113,0.02540354862256415,0.03403274692872739,4.079953579416954
0.0490974319344381,0.025163757378379774,0.01500116962186122,0.032463290017762686,0.04631361402986864,0.010301202504376383,0.049042175087290356,4.086921764910327
0.04526356769407126,0.015052290550532334,0.010786321964720513,0.020720151345346667,0.02729539940792678,0.014802861177707141,0.042589585791175555,4.056864563053703
0.04514986114133414,0.0446080670847066,0.009013466605164505,0.030061148186523876,0.03651711903624093,0.012308986996656484,0.04433487811637397,4.847452911687318
0.03406079479384911,0.013114589906503134,0.011232680762254772,0.025312467661918695,0.025774794519074815,0.005745202796566069,0.020984764964577206,3.7752250465147528
0.032444585070129955,0.03547110640748948,0.007178085100655643,0.022952725673041064,0.023056362924186696,0.006817168973951322,0.0340357838790248,4.558732098185706
0.028202212157921187,0.05983484269264884,0.0011509353265670942,0.048701613016680495,0.04733361504175873,0.032640616858089784,0.039398634009726666,4.952478497626269
0.021691264899527815,0.05069851347530094,0.04617455523736899,0.03798079175126497,0.04461522512696328,0.002776712146032842,0.04490098050884224,5.26791738759686
0.0459416712876516,0.04076097191155054,0.04269986055228902,0.04185968852709808,0.04280104705409522,0.05848666511085923,0.021478209607483145,4.85070387393242
0.044387030273902325,0.025312681039330584,0.023612124868409478,0.029460912297983526,0.021462989564394214,0.013991008910035067,0.045573166569256196,4.288961179902192
0.04999153019858392,0.041194791814581924,0.030741616486696148,0.03179441388482046,0.04531186378130773,0.02509528693269713,0.03645202810225735,4.775615452077138
0.049899105112217165,0.03635207319558258,0.03026473488473324,0.027107719816901705,0.03314132227716152,0.0017575410102753063,0.025919419117281798,4.846238464546649
0.03666295116807883,0.031304169194518575,0.021373991985199695,0.022908970128962744,0.030271853698875792,0.011751099999079025,0.029517656493491,4.253272838705263
0.04306962245541532,0.016535518837009974,0.029083365584954578,0.025370949123247513,0.036394290830761296,0.049400418120886413,0.028457886552546822,3.9517164289915434
0.04834297189647284,0.05433021076202334,0.04811689233960839,0.04392542135889457,0.022740597281706677,0.04339786309510074,0.035925771028654276,5.342494904115771
0.045489421720322346,0.03248923244106612,0.01896573581204588,0.04032637415551328,0.04269939648057197,0.023983473027585894,0.021550570397333955,4.41998139515449
0.02742044305229593,0.019731125591038255,0.017453481914897408,0.03640786627956431,0.03747305230664888,0.018951140793480144,0.024756084754997708,4.090294777971453
0.033516324059302806,0.02838796754386448,0.03214480148294813,0.034252696186003045,0.025597702906195025,0.00797474694342186,0.044380791301273474,4.619452614825263
0.02387478245454485,0.03070648762644635,0.01156233926155017,0.04767302850968373,0.02564696599307137,0.030703394318350237,0.023978119722404333,4.293965845112992
0.048621530817761674,0.051376894778343715,0.023511213044540416,0.022182048433360052,0.025527459547180227,0.008261309556808885,0.027001888083743812,4.799133417058592
0.0381852390335264,0.046680719028070104,0.016151778216717698,0.028418024397137483,0.02171007162655802,0.024301030113584022,0.03360111816812472,5.114771963057415
0.026859284165103883,0.04846524468206699,0.015139254856224381,0.030498135607121425,0.03763395348115055,0.02063540772238999,0.035513626643399916,4.6985968272503476
0.0401510205321757,0.01055156322143236,0.025131599101341936,0.04347277436638364,0.045210445327655245,0.05651266610712206,0.04290831438842476,3.8881704427632826
0.03854384721373688,0.030807699908988073,0.03389171210828359,0.04977543860485914,0.02052494641962166,0.0025989082315799016,0.03341997279998563,4.712432611372039
0.030744881540985217,0.03406720758176618,0.035388726118891385,0.027220115442714594,0.021470139349138207,0.0003234179483177341,0.04369593863106616,4.618254667138857
0.02340672776598887,0.010959613841152835,0.001053423048502919,0.04622922002411242,0.03718310830060838,0.008966551655458985,0.03855038921136372,3.609599640081196
0.040147195867783994,0.02299066043725171,0.006942515428210238,0.04491868281295374,0.04458487056158157,0.02490069667210064,0.023392992182714675,4.1378888442299795
0.0356092310271138,0.04801449115610675,0.031155841358470295,0.026739721929253,0.029802166717059007,0.020410470313339067,0.02468994315178516,5.0935228042339755
0.043169551752069185,0.01685548528644995,0.02149027925085971,0.031979977405976676,0.030488431964231667,0.011042509925732791,0.033111011763493126,4.079254113150435
0.03560490503335981,0.03676550657262958,0.021422417049525563,0.032290186078775575,0.03789039492490328,0.03557184394090323,0.031906681792671185,4.809839550410924
0.045565445009556206,0.020760093600861874,0.0075583135769284665,0.04934662005579675,0.02822638667372441,0.03374028651927421,0.04230632808911884,3.891179807555779
0.03655720516323457,0.010606038732194664,0.03542027502940948,0.02542675704136695,0.020798250982330523,0.015734283009284335,0.03742211419392055,4.170358079528766
0.03682813914606159,0.022060072879977074,0.0009863029452861945,0.04397473913314347,0.04205685554304789,0.021971987414880743,0.03164399243006748,3.8402024720585457
0.04629960807975035,0.058793687745502685,0.02337506976329008,0.0300257814251933,0.0387694973882436,0.02517363254376945,0.02512280850351157,5.333265039781724
0.03210448598637192,0.050076855594149476,0.019070711270028507,0.041926110373284815,0.03742267997166977,0.03195836322130927,0.026805113069764856,4.925950898768363
0.024020456853519223,0.05797883221605167,0.004215287598847892,0.032600330128869884,0.0422505238697547,0.012310974581426829,0.03726503055407177,4.787190044361864
0.02086348028940017,0.03439270219631812,0.00018616038969086236,0.0373507928934962,0.04025692512686113,0.01049999729385313,0.03270316414699377,4.240492421917625
0.042654117670208574,0.015486809933875176,0.014163521585065255,0.04497835319978394,0.026176459645349634,0.022761955534363214,0.03544782526582016,4.158819560761455
0.03860928654060394,0.037397974448684645,0.0015163159127131757,0.04412496694951652,0.030574431408300535,0.010777304881032294,0.02512032305906701,4.441537335061076
0.04112239304297671,0.03271886672799804,0.004937663716803648,0.045992695506191006,0.02378330425035875,0.01784121731947629,0.03988718757033698,4.266570637387224
0.026388924845267323,0.052217854136980796,0.02592896425509112,0.02178851976033977,0.023895710402536432,0.011706486856983514,0.045576162225679014,4.987409302896981
0.024091144267603094,0.01490412903921223,0.006100877077434817,0.04076151659119234,0.04028587239069618,0.03400868921245972,0.02773818520360702,3.8419435086394147
0.02043633997003646,0.034412056851088904,0.036077159524459695,0.024199621301652888,0.04575800320947495,0.007189784840845046,0.0347454267749548,4.560318943787344
0.030517626764197912,0.017502433234699213,0.0498431229579751,0.03247455704055233,0.048881977515834174,0.002851020993452331,0.04926581987062706,4.336549595124343
0.03769753060563899,0.026233796344503,0.04207585808838996,0.036457652451640656,0.03885041352648333,0.0030774245614462125,0.02999725221652183,4.204711925481913
0.03176732135299197,0.046867853869389985,0.025953103107042075,0.032082184542404926,0.025523039700828712,0.036129964313287376,0.037851390347712836,4.99203947860903
0.03312424766071187,0.03380090646843832,0.023867544663272233,0.03558835027409023,0.023169510363467923,0.015253866610560858,0.022705871006007333,4.525432723859878
0.04712476083481246,0.028794414257288466,0.0031494170968210857,0.04989578926395857,0.044385529146102734,0.03954553664541801,0.038180450074383296,4.138448746859653
0.03044766401069901,0.029723813928501763,0.012676713185416293,0.024056519411385643,0.03736269429079998,0.010866811616657588,0.022688953199138537,4.207193714760996
0.035419684674794324,0.03297233842029933,0.014439540160296208,0.04026368136009277,0.0385485506304116,0.0017717980451780468,0.04877706305971466,4.420659160291885
0.043509590382234294,0.04925082719185284,0.0028417230685388083,0.03188002899156846,0.043443862662641275,0.06903909184775323,0.04146987956216934,4.3539510533649555
0.031896283469638104,0.05460423444701172,0.013214884945732294,0.023990293967219863,0.041098316831973555,0.020226239720168876,0.04364479364407119,4.878548753964969
0.0386626010068362,0.05776673432519641,0.009531006106539244,0.024762102901229287,0.045033747585682904,0.0020870818513227165,0.04112313082314911,4.862071726355296
0.04587091126240236,0.04934516931276475,0.013730615634550592,0.04847819318736851,0.021686417163796354,0.027557818404530553,0.03769187108229398,5.008845780148916
0.04848561870972927,0.02577034478740064,0.011098431463815266,0.046388044901352864,0.042425619102395146,0.03017539212876351,0.03349738343256516,4.1679774614512946
0.024412204427871138,0.04440673530432711,0.0032029836343403463,0.047211258812450654,0.045525582719662866,0.049058560749241406,0.045751201392831876,4.5680499099549055
0.047797628754844834,0.03188015620276959,0.008334473976799827,0.049745983274821604,0.028584051273749432,0.04603567722617839,0.048705070026291895,4.669754234603297
0.034763488792386145,0.022733531102302557,0.024003999401292726,0.02624946170025554,0.03921341821979758,0.03648073156161975,0.03497108518712244,4.406427555064041
0.02774733164896875,0.05204357897129613,0.04273062021319193,0.030663180120921854,0.029424861915109166,0.000526782407632766,0.04794605147465786,5.233038236491153
0.03377407268714784,0.01192131744811625,0.007746516496821507,0.040076570897746,0.04873913199447362,0.0018201546380751197,0.03749998729965553,3.6976962445235464
0.049400977258564314,0.055088099606771176,0.01586530796509729,0.03451407619581942,0.021002707173065113,0.03862883823639186,0.036151525606893,5.191840923747396
0.03477854281978609,0.03307387323123671,0.019447836321530566,0.03255168600135001,0.03739378531498865,0.056505906176793116,0.0336344819886607,4.523756594205456
0.029862548308625246,0.04186007384041402,0.01777256643470691,0.03073433748006779,0.024995106411485453,0.01547371791543451,0.026278632845903597,4.680333045590493
0.03900202562950178,0.04296769611028913,0.009699286823802541,0.03781341895830356,0.04136660615531476,0.006093931698439863,0.020111589824541778,4.645337717633845
0.027204368563345793,0.054755887035326814,0.024007934171662217,0.03726780285920246,0.025276708502559864,0.03699292850005817,0.02724518680568184,5.019122413537658
0.02227589984325992,0.041833484108360366,0.016511403785668417,0.024843735021927202,0.02706149785695073,0.020259888240457415,0.035291695148106955,4.8677328717404516
0.023866391657319477,0.04069667923800309,0.02616828222671855,0.034152195125553175,0.03483112433137275,0.015390219505272765,0.031398798567792575,4.686204141837223
0.023841375168733175,0.013332602028034497,0.026497176643478466,0.0366041532862955,0.04744504849990634,0.002801028917715084,0.03345455684007902,4.017579384072472
0.02455708080536883,0.035920401097260204,0.02709368709274232,0.03710860816194171,0.026351431164439127,0.01991964317167339,0.04941944658692149,4.83879963968627
0.024164815179482303,0.01750845004085208,0.014249189568568077,0.026303215787370555,0.024327200633543107,0.002059741615378429,0.03050817112007983,4.1396361792089
0.03922624234409644,0.046871688436074276,0.008793694355009339,0.0422681417675686,0.042769304955620924,0.029857801534437466,0.03356548818080324,4.571349344803394
0.025456402531974346,0.03561109604063372,0.022174505326671607,0.02075597284463209,0.03501858597001793,0.007142197212253635,0.024005466540584587,4.576771117050125
0.0303700184997159,0.04401138896041767,0.0008411582104591404,0.030644955666294882,0.047353553371453146,0.033324636552602024,0.02143873197310963,4.559089722641111
0.046903652297180354,0.012083645030119213,0.03620518165358637,0.04340637945606901,0.024398436714795267,0.0029293553608696586,0.04326228543777484,4.240737566052885
0.034218849207886176,0.014239600802290161,0.06594058220706125,0.036916787631662076,0.03937783679069118,0.02528455355833083,0.03712049525215936,4.1574415975726815
0.040026732155630816,0.04581616940313411,0.011644304384748396,0.02783487297532581,0.02698637438455445,0.022090280984168164,0.042821144181316856,4.727486887670089
0.025169596136048897,0.013604216799933668,0.02949219585163459,0.04084859358029143,0.02470281285954918,0.0030489020971860735,0.02449588396659655,4.148044030019307
0.025768670564260125,0.01356283638826293,0.012749199002973919,0.0370217283246822,0.040502882454718114,0.00953732900900672,0.037154863135480734,3.7834576859519786
0.021226058487994366,0.010605423761744373,0.022284274325752463,0.04388730828369162,0.037810538597261995,0.024346101792207045,0.027609274230241267,3.8460990650380613
0.025068051892164937,0.057825069914974006,0.0007580489676862366,0.0420507555856947,0.042644823750869934,0.007184012619180384,0.0268418545070006,4.936714625788216
0.028357710170958762,0.04687541797295035,0.04200305861721761,0.038303237661087036,0.029283877293385472,0.021644423502423137,0.02034578042158956,4.97242144259058
0.025310314528302406,0.027662570425103207,0.02840308208742074,0.034645330259324425,0.0334391496914657,0.03220863310766651,0.023910221707072157,4.322956173926709
0.022661076012711667,0.02482677906438276,0.021855180778332612,0.023995463770025705,0.032164150289912555,0.022115086921521594,0.029278043344990862,4.172439374422483
0.023619076133018026,0.027485161487292478,0.010422705292368727,0.027839990536561512,0.04952268391899543,0.01425636344519042,0.023506362817728173,4.202820068125336
0.033823363040981776,0.04873267655905909,0.04974912026337877,0.03257298418751256,0.028767468702181637,0.02064018615745789,0.04957575321232813,4.980534429251119
0.026190011552173778,0.043068530553520716,0.05505088613963771,0.03797897861019166,0.02884451715040301,0.0042570248058879205,0.029258979455718523,4.912552241848002
0.030928095831442265,0.019259778393373395,0.012980795528295246,0.03541123565645915,0.030636446264858223,0.008731793110667095,0.023909718401069847,4.086790596485984
0.03510251812564571,0.018705466766704218,0.006718424772585363,0.028645535778785886,0.03693782243870965,0.0030609255517992182,0.025972469384838735,4.09901563988987
0.04071184485888096,0.014919782485669865,0.029632066146271244,0.02019393073369132,0.02756968232791236,0.005227901419569418,0.037631096850244294,4.210884193935094
0.021179364195232968,0.043015135985066906,0.005442393405691273,0.03488717665702442,0.04745869821137822,0.01737933463784938,0.021921305715943657,4.403253822505534
0.04398231196727128,0.048218633111086796,0.007661181945148301,0.028568779656867292,0.02797056694598791,0.044737879686451563,0.045873023904234714,5.006148431760879
0.03883701168472724,0.0232523214162502,0.008402112850505702,0.04203824902131605,0.04687447194680584,0.009672405416173296,0.04884499037711442,4.0870800097744615
0.022452770958466158,0.01104724805154564,0.04350127471324818,0.020718387958114506,0.02310425190939754,0.008300124084513607,0.027402422620021426,3.9115094563502413
0.04620735872320332,0.014108583373821367,0.008895528092284733,0.03754483433917373,0.03969688107198957,0.02774989397488882,0.03350285805772578,3.9071566646885554
0.0476261720159544,0.058393001742251524,0.007717959948413466,0.04824422712518196,0.047209565553147315,0.007473490744762706,0.020664033530884914,5.1172153965052445
0.021832338795645913,0.024772238873871012,0.007961602800865119,0.025232278013344985,0.025062483151946886,0.05126608308056615,0.03922130674181665,4.2400301238672915
0.028306329444416113,0.04846115739190668,0.041752065975603575,0.03414948472251786,0.04904980880297766,0.03293388520175263,0.03241778174157767,4.996984868957368
0.04418603839379184,0.04123317844271319,0.022575464678223044,0.022742659754514144,0.03358650081246535,0.04612651284988303,0.028101753983046672,4.991460347637566
0.04244779071150975,0.029096981982644793,0.02881968781100138,0.03877045736784058,0.04837145325323074,0.017033914911302767,0.026205113318498254,4.263295067010312
0.02553563058069132,0.020284363109777756,0.0018669471421569484,0.03651595041788677,0.040304601308901414,0.035233435770996364,0.03962069232976281,3.777236984964341
0.02628047970010131,0.016069320907970322,0.0017379082723755985,0.03222096572638497,0.029047606096206546,0.013741977347263706,0.03248651093096944,3.6111754119191084
0.03111416308374146,0.040750648401943326,0.025982130018041078,0.035641310644212235,0.025649075747513194,0.01226114531342263,0.02538977867089736,4.782804977204793
0.03453568955573064,0.048731689031889396,0.01540842027536839,0.046897239754070306,0.029112051386752984,0.06411169744542389,0.040673272444604724,4.972999786576606
0.03854764314590888,0.04219521267705653,0.02197485355967005,0.02588882906933201,0.02279052227788025,0.033072215192739514,0.036952168491100806,5.0139946822416785
0.03106740918709317,0.036515106662457913,0.030418098350740164,0.020676935351160417,0.024316038990299896,0.04215550534404214,0.04576016164788489,4.78443698069173
0.03387604148399444,0.012097561171581813,0.0015075012827841803,0.04584994654097303,0.023139813210394433,0.010358459152122584,0.023524276966294787,3.660807130982556
0.042424128144012696,0.05842443887971919,0.0068210927338912195,0.037313512471637195,0.032688306312246736,0.0014455467130938668,0.043569998058333684,4.9988546342425195
0.021100496086717938,0.04993570958272873,0.022908663946601366,0.04671975366385528,0.04386735128772759,0.0122664501491149,0.04020550360451777,4.895524548066039
0.027573108330320624,0.024641101835048237,0.015120641583409755,0.037908356702395174,0.024241506626490206,0.013202564780910822,0.023450328104842936,4.02595034099891
0.041400487576536575,0.05899851646794253,0.08200745814802544,0.044304832698791076,0.023909612995170075,0.031709755581856534,0.04084462189615162,5.892400949282009
0.04685620513061598,0.040094079481816106,0.04048823054454287,0.03289020090065444,0.03930286848551992,0.037673869074198035,0.03324641866639491,4.938782065387263
0.035350323263469985,0.03912113291036232,0.026706794502506535,0.042495797938648064,0.02591548945904199,0.014123286684912606,0.0483495435666753,4.788440674947175
0.035963404557959475,0.0474036589714766,0.025868768006997358,0.047391244006695685,0.02292830114326975,0.0034775491214881736,0.02424834051853698,4.979840915818365
0.023215160340193282,0.05058848940450688,0.016689683611000945,0.03716368891166619,0.02500545734616733,0.006585678401092333,0.03928500172447214,4.982449006998173
0.03342237100470364,0.042823930366575134,0.020366094135389902,0.025423554516871387,0.04771194187630329,0.018631641323302767,0.031459401363888376,4.688855376320109
0.0359785179936507,0.01640478731831,0.02091779948166425,0.028063928450905946,0.044644137583285726,0.0019915596681723295,0.04870444011772634,3.979220236913086
0.02727411510904189,0.026913375299724922,0.0009190718170340676,0.025959337306922174,0.030621936870652823,0.0020036191954534077,0.029899246858708296,4.109835851027589
0.028077296928481432,0.056404182016302484,0.0024791028856237813,0.02740571082787199,0.03967462301982179,0.000604314264107295,0.048865577284754005,4.866515315407458
0.03131852489313868,0.021230780592192595,0.014460693082611671,0.029192463480531092,0.036118270210041145,0.02967564557621321,0.04704457553302248,4.080231387796981
0.02060213593333179,0.028608351191875665,0.006267752343999618,0.03665401360259565,0.04031372790447692,0.016516058188858953,0.02811149705931969,4.339395324763136
0.02966237496749535,0.0316038441472098,0.04955003432518931,0.037639748883914984,0.04048013457388278,0.011586608629516437,0.04410625330479283,4.675995936611475
0.02634344020989634,0.03197024948472261,0.0004763027224005782,0.032794992417255836,0.03886202045179979,0.0259444899595371,0.04986812605410518,4.285276286103702
0.02982492056533744,0.04064697912472627,0.015320176743440352,0.03846262339462506,0.02798304105611926,0.005267037421910967,0.02757989006513847,4.795013584140321
0.023592863954577537,0.05715379188723538,0.009098858263628308,0.022447247768340978,0.021170192622884543,0.02564225790191204,0.03310331507969959,5.001699444623501
0.04671581842219685,0.022034635591625246,0.08397463874952463,0.0226336471117448,0.03366700345970326,0.005992464847053562,0.03560542209700279,4.6354494193544475
0.037807773606621464,0.016075068815045904,0.016748596358181905,0.025154883810729754,0.04672921654072112,0.02349766922083663,0.02884793407411593,4.10005802748159
0.04037306957433469,0.019873524492996866,0.0002363717605569915,0.035542324941210346,0.03708491775555728,0.049725532671524436,0.020457945189380895,3.803776942434931
0.04367513715822015,0.05434624501046347,0.031780064981075336,0.02641984036094941,0.04497173125105724,0.032710911417879004,0.0266038773259258,5.122741229894392
0.03495326596787172,0.0422905406327603,0.019057850373804662,0.02849853210477732,0.04974873028883685,0.009791267985819085,0.028458106530252755,4.674771590546549
0.022607608642622713,0.024295339461958006,0.015023883989820574,0.03200938508518982,0.02490848612414829,0.009038456336270935,0.03330799103954561,4.098342981388663
0.03611319625455643,0.05079734694843086,0.022393904081303064,0.044355983720311395,0.04075332917425947,0.05772574052525854,0.025133074352402057,5.269267189014975
0.03760523354062638,0.0530684998181718,0.05893463582886382,0.020415864077385805,0.040228807211000736,0.0018246980198287962,0.046197630700750184,5.060176333602055
0.0423631842255299,0.0523257169345139,0.019799574038041914,0.039481364607098675,0.049398663420748355,0.0007405128823089755,0.041147333981940086,4.784850459403558
0.03294978638689038,0.05594632668197772,0.01843075919766444,0.04006629593122056,0.04956802201858401,0.017194358162671994,0.02255601432678986,5.131399984458132
0.023827409083866914,0.022612051008668078,0.018394046432765078,0.0439596734106991,0.04060035835172389,0.0022424230783913935,0.03950277353419794,4.242341284347304
0.028513277173961737,0.047752096437313915,0.019590471593348556,0.0479825881718094,0.02730844375946583,0.003913359921999985,0.03960969429216861,4.737272437002154
0.030892468891959055,0.033026974863706995,0.016788669008760547,0.020604135468478696,0.043956675143917975,0.03789147199109282,0.04868663520930883,4.569989753677458
0.039377517239948034,0.05209992764450307,0.002558666892137502,0.024613511165396486,0.023210874026331145,0.020017564624801993,0.02009062614068484,4.9557985629031664
0.03712334914006736,0.04642453385808066,4.7421972065813875e-05,0.04658513882167979,0.04342097912514886,0.018429422888786268,0.027437973494174216,4.479289179248301
0.03068290177693539,0.04882237232498623,0.030531998339004808,0.033755556865610464,0.0473058837243409,0.0499935733369685,0.047833744381259466,5.314209479344824
0.04959545746378939,0.04280809188405357,0.03288045259131823,0.03693771916800391,0.031485001843053056,0.0022846156828173723,0.04796401746194849,4.694754338005854
0.03817324458070662,0.018871438473485345,0.02350828549501829,0.03989081611169443,0.03891905884949241,0.014033135666776945,0.04161759258111912,4.253518122247943
0.027116803752079834,0.037251345944846914,0.006796713525412185,0.04037199813486912,0.03290428196290479,0.028747596218255855,0.0429728996314262,4.6285102553268365
0.023053474178612112,0.05923348697622541,0.013128801533006891,0.04795221209949525,0.03313295164964385,0.015302405657559668,0.022744488737889413,5.123239102750386
0.024585774175529963,0.05686940332485595,0.026545467931777374,0.04990848252235009,0.029311126673243603,0.013567020083122598,0.03541627504334701,5.093365449681674
0.027378731851535245,0.012158686789850583,5.032010969778858e-05,0.04160472382792821,0.042863888613509746,0.012082669366277502,0.026947489738669984,3.5295251100437683
0.02482044119778667,0.018240740786471858,0.002747981471838159,0.028616636276154524,0.04808529692499516,0.02883340550102456,0.025436541308408517,3.888555889238389
0.025597010721539172,0.016586438672728094,0.0657873143029459,0.04639257206883031,0.048222525777033835,0.01101845506534839,0.04430909897369998,4.390576191820214
0.028552855060815414,0.04629899549926477,0.016534566646180488,0.021476627436222848,0.025243438546248016,0.011247811131473197,0.02405114410041642,4.8574822164528415
0.025201207858842646,0.05088926649284725,0.029400195947087406,0.026932425586234886,0.04624230948969699,0.012628618512010178,0.03405954910989156,5.070049904136957
0.046902962738792756,0.020675568315533594,0.004738757556515006,0.04692157152391145,0.04212294324281367,0.023994250476691674,0.048157347187580996,3.9369868722160586
0.022407012369849266,0.03529263464759145,0.030015984859704817,0.02768574543318065,0.027585122020708678,0.05625559133388171,0.02557496166696028,4.6398438406392035
0.03573534168710764,0.05203515140056,0.059358137659169655,0.026619531788652454,0.022018538387645437,0.02189501162755834,0.04933980271214704,5.183301914633504
0.032311904809689845,0.04664007723831253,0.03318720184401099,0.024143758794207416,0.028039918006531342,0.004287987490208395,0.049828639572831776,4.918428389680832
0.049471358507258194,0.037111860274592415,0.037103837927024486,0.045773352729407496,0.04736624710344577,0.012895123919719162,0.03666851464047209,4.853958695499895
0.02336116706504157,0.03951738452293864,0.05144636279730287,0.0350017477757326,0.03899536024687317,0.025509459336926388,0.02510428220531474,4.834142142862044
0.03193566797137225,0.03541802734581399,0.016127488028547046,0.04024679609162465,0.041631639826936157,0.0077439111581963,0.02948314663822687,4.789158809646142
0.04908411299826107,0.024877422565941026,0.01189049569725695,0.02717199152225089,0.027714570533272878,0.06666857167357756,0.032734784980296056,4.374714415268128
0.04596521377681941,0.0382510996429508,0.022558769908424765,0.04274121263033649,0.04158164466724461,0.04021698405418732,0.02927972673074669,4.7015449887645575
0.0445121621284784,0.044444265102504536,0.05699126104972626,0.04280016634886295,0.020843645188337714,0.022139199767854223,0.028419067396295475,5.103082913454444
0.027737084811348196,0.05366614579304038,0.005631804627198664,0.029377940747249004,0.031259640373190414,0.03888474220618807,0.04916689127649073,4.826964625959579
0.025126627621701977,0.041814567698962406,0.013220854845417528,0.03232047899030849,0.03880260045626994,0.009368829726048408,0.02460094482247237,4.582176657034659
0.04005929659773293,0.048056076852157896,0.03111861280799233,0.026290708322906028,0.024382896966239607,0.04286199528311909,0.04199983726150587,5.1987536680734845
0.047881279673827576,0.018003581747728647,0.01577114287254793,0.04929683069968713,0.04469010723340804,0.042898426546457855,0.020012308683175245,4.106232853594685
0.036702886790417895,0.03307787372098949,0.009482756393167556,0.03936807731175235,0.02705093896435756,0.02752364141162725,0.03788548008207131,4.357347635977148
0.037148380684096996,0.010466580991354665,0.015705939514670284,0.04803631642146547,0.03956843338455339,0.0015324541586864415,0.04747829011862158,3.7545328585437296
0.028399372809808525,0.02233394322608115,0.012064468453819633,0.029101566308873998,0.03215591427725989,0.006898072611901732,0.028638022822796573,4.058627415322894
0.043084787995758114,0.046323085755650244,0.013766700459923982,0.04345672738990669,0.03788130786432942,0.0024090510514962493,0.025565779257731576,4.759505465389784
0.025611312456725703,0.05959049756746817,0.005080258487660375,0.04297575931654227,0.023223516578867245,0.031689522068551024,0.03955039384635281,5.161113934040551
0.02971037709212731,0.014958904979360796,0.018953309451330266,0.04074966955599625,0.02050738399764822,0.018819952562730523,0.0413780422189518,3.9074031931951856
0.032763093158492504,0.030074715793064415,0.022831024677289927,0.048969169258004014,0.04728693282140904,0.013051951448893762,0.04064091556855944,4.375038025245616
0.03522831136053365,0.050003548434957974,0.028506940188523365,0.03180666008318947,0.028088900263015484,0.029470199710352717,0.02957950640064122,5.037928229836753
0.027272291972452407,0.02020178173144494,0.0004110558544448634,0.02392151970769272,0.04459031008341377,0.005579510124723024,0.02756607206477993,3.575560896664751
0.023445104742176107,0.03775424746511431,0.00564497082243593,0.04015126577732182,0.04998050901416601,0.0419587602384701,0.048677563998861334,4.352243589773597
0.03831860127324898,0.04665356480148374,0.028551065111188805,0.041879294014316185,0.026342937739967334,0.012836364513518543,0.04769898524809789,4.883805680774603
0.028658916597207672,0.04079927251300895,0.0017601328807281425,0.03725181720376444,0.027955122235500666,0.0028238093268544723,0.03371949829678461,4.344946497753199
0.03743714664267837,0.019401236730770807,0.006232313902492055,0.02620453679400189,0.039885793629039976,0.017077455576742836,0.045385815984631206,4.036050475599538
0.02463088145822607,0.027769228434286967,0.0704460035673946,0.035133678250080666,0.048963459038018645,0.007528585891291975,0.03356970432902888,4.557131207519318
0.03443420305564453,0.04918958922426986,0.020912335033225187,0.029365692097073882,0.04747443044572232,0.029842508858111624,0.03273167054217531,4.8213443508394
0.035977682976547576,0.03771132570660083,0.043799967564120454,0.032823995845000675,0.03508626560196755,0.006927895683578939,0.02470288842797884,4.80404080354623
0.02155470610467281,0.010261480677145636,0.02923241055757976,0.03935655727533992,0.04385330847580174,0.029328350351832684,0.032792181694759184,4.132196424485546
0.03009812834581762,0.04804953800140469,0.013035535781416934,0.042356442280725035,0.024072375592997033,0.02095893716873101,0.03612250815799421,5.036999733962803
0.02403244030816923,0.011765567747011953,0.04877200016651219,0.026966740727040295,0.04932314552612037,0.025313205322909347,0.020675129822860596,3.814817566152199
0.021901249114183032,0.04728668913656161,0.01368288663800818,0.032159760819408606,0.0489305970210796,0.03591697870894669,0.03332339015526219,4.814966834206732
0.04969880697169836,0.020124028008261872,0.01966874128603789,0.02807484712974888,0.02491186873637513,0.03708392394797059,0.04344068655185601,4.266833231331895
0.02967061534924169,0.057903674005969005,0.0046061067444097045,0.025958948415856074,0.0289826937440932,0.06678278222211033,0.0404013816912281,5.039532966753155
0.04429623337563905,0.02839703756510422,0.039448468735593496,0.043501616599875156,0.02300464992520301,0.004600857157188975,0.03905470966591805,4.528051140813027
0.027639219642912917,0.026346580816903956,0.032939574773854674,0.047277580833109775,0.028151527966945394,0.011805127310574313,0.04728666285311608,4.459164095368518
0.04044508166671788,0.017444402516622232,0.007552915854061733,0.031106965570537305,0.0444786736824562,0.0772800658274446,0.0205409602947569,4.035278534428948
0.042806835796690604,0.025280210774510745,0.024419812705631067,0.04253836773121301,0.031349468214957786,0.0282717922253191,0.03671142758576702,4.325904322614221
0.03786916221823533,0.053832538091410025,0.002499316508755639,0.04690985868093234,0.02265190901440275,0.0039004480238878725,0.043620465452291216,4.730014013401347
0.03414728565650475,0.059816716881362364,0.013171506978640213,0.04538372631590695,0.03026676574336714,0.009030571677303156,0.03624006148103802,5.0342388010283265
0.03235522742441806,0.028415476525342417,0.004882931119499734,0.025484401656176776,0.049441500027238405,0.04104491551539612,0.029716866577411377,4.21770977958838
0.03046604799628986,0.032430531547727126,0.037029162966361454,0.04868875644540084,0.03889050785777609,0.014827050556836124,0.024087516952759336,4.633763673488939
0.04788587432743478,0.04610354691013685,0.001855366511682794,0.03130029321288388,0.032484828392184736,0.007593123135883576,0.04662689215448575,4.7503435639120815
0.044918582233631876,0.05430978902325372,0.007913131913937003,0.03017721983521509,0.0249961554049181,0.02003018594896119,0.034122871771628094,4.902323651500208
0.048950807319995376,0.0396522167093392,0.011240729834208957,0.02187293981833341,0.04958530391851085,0.0011077499183767634,0.04634345590957105,4.614315529802011
0.023728916704566342,0.029576284908891463,0.025956555396045387,0.03458520962314649,0.04462547027789386,0.018479363481944525,0.037575563672995055,4.52427475350913
0.041926024256109334,0.03063109204243119,0.047787028498393266,0.02327040846922786,0.028444319073527582,0.005462280855646211,0.04022576349845003,4.801325008223921
0.04815021370463114,0.044780907324840344,0.005537464628206191,0.02745619462782278,0.022102060871635684,0.010789595365766812,0.0441278346313535,4.717168093079678
0.025436991984969806,0.010160913180213935,0.01036949070398078,0.029508278653018444,0.021698766721326743,0.03409612982404475,0.039774666338004035,3.8316168381576983
0.021994888021003325,0.04097946687299203,0.0344009515148722,0.04426478970475052,0.023611344485166014,0.03492034638214749,0.03194164522036813,4.853212081639637
0.04223361947870177,0.027774650522067866,0.0038508372919147747,0.0462646595118769,0.03742305750843265,0.006828354459461087,0.03540900151785953,4.039542161528791
0.03723419339539736,0.04970986656385421,0.03946697897196738,0.02907398952384409,0.04786290263616477,0.024523984728958097,0.0440913657402764,5.028194101682538
0.045254863302748166,0.014649531991156609,0.02454375880970304,0.04576094363733722,0.03490230284017953,0.0010288670638383913,0.03120950889118953,4.146555049673959
0.024193171298788688,0.03941011334741952,0.011045425460882996,0.045716928121093736,0.04528836447368592,0.008502543820244356,0.03164364370305491,4.572867828237087
0.04385801935579671,0.03404864449430618,0.020970062606099692,0.04293952851154621,0.033376598595794234,0.038655178350106706,0.022870703481740036,4.546918510801683
0.026048819601432335,0.04211627629526137,0.010398870822544135,0.02440085342045545,0.041257506373034755,0.014479817634099282,0.04743753305665244,4.640369945073108
0.024909678285971137,0.013242679724148417,0.0003688017157979888,0.04070968540702187,0.04195618211859503,0.01988551189946736,0.022731089448363252,3.522938280457935
0.02492797393792979,0.03899918937140656,0.010133021825869361,0.04835072193741707,0.02521891117710016,0.04655855690633472,0.03944627532345668,4.698378216072696
0.044437241606941465,0.03807422939797618,0.046251703106088435,0.04047621436301471,0.030836481769274355,0.017724485067309524,0.03239583436408393,4.836322919932241
0.039955916620886,0.03803300472080855,0.030417838246355508,0.02994850547323502,0.03911906469614072,0.0041296400483118055,0.03216858170766327,4.65347746128628
0.03569196274307358,0.04017438332982274,0.03901026858058277,0.03501737952292494,0.022120898245530984,0.015311059521104115,0.04038655509718052,4.826666929779592
0.030764914523705077,0.04382339686131811,0.02244103268822866,0.03937175130053161,0.0308462056328887,0.0020027381558427064,0.022012811978896363,4.738630615881965
0.046316016224393255,0.050249449984038484,0.01917893851574177,0.035317112261855105,0.03604398398843578,0.02072636613784761,0.03781117348854304,4.909966589893868
0.03177335322267906,0.023491036006410716,0.0013173822958478625,0.023598588251929096,0.04988673479133916,0.006845657004070882,0.043160953579170644,4.029881334360602
0.04449798318414731,0.051252470509003105,0.008736563756093012,0.029361921339560622,0.034236006878673224,0.0002935691466204324,0.04484638273659783,4.8139870294838545
0.033174047257106556,0.03491278411317268,0.021604669190469068,0.04407188091660898,0.04448170271342971,0.008131512677461847,0.02511591168181326,4.689406547003192
0.03130833288274723,0.013852913956716558,0.02297017879450147,0.045842541382865525,0.03296201855199853,0.010152170498124086,0.04692257150234522,4.211133150040332
0.033880393570088194,0.01292754646219896,0.011578266255444756,0.024119000981467107,0.04389172167859127,0.0019963899192872525,0.03968438275542327,3.7444341321889443
0.029041336224924264,0.026711915934803036,0.007858156155323863,0.04857160257196174,0.037862444048603255,0.04646544436533462,0.04645564402462049,4.266359486687275
0.04242828140528754,0.04924484885557338,0.019917666396438535,0.02986467853545828,0.04659786324507195,0.031332835258069985,0.034558421513305945,4.834598549714465
0.03508161170277438,0.04538404673704579,0.04341188039422404,0.0398694121619216,0.0323282765705033,0.012319185993619542,0.03626100035291606,4.9383468818206255
0.02696638085440452,0.04943074823362032,0.023005939666498984,0.04255475437870043,0.03812913259464437,0.0136170262116391,0.04757114831086014,5.162149838308973
0.04698723719823705,0.03586345282208046,0.029123864624035385,0.044358387039136506,0.03890056041856482,0.0533034585966657,0.04699728630064015,4.713101027439479
0.03151673664119634,0.032009949897774524,0.008399013026473293,0.048372491066777906,0.0325214882540142,0.007053635247911794,0.03344482620107006,4.381594519232333
0.036306585833419655,0.017372626335314195,0.04252279579677153,0.02938758644086468,0.024329361310624447,0.022254185102786254,0.028232378949070453,4.348324544515416
0.04719416332893641,0.02640963768046558,0.019682902564774715,0.045755193636546634,0.022806782207370067,0.02483945286786697,0.031795113036927926,4.290469545881619
0.03872713987741977,0.03170096830869376,0.01378176977885531,0.023950607103086212,0.020500146517988992,0.01302622739042991,0.03163292985589249,4.353829152451291
0.023506941221250924,0.014430021483980862,0.039785637497379955,0.041151227190607785,0.04620602792735644,0.01679540382620895,0.02860600624948382,3.9313201895021996
0.04819496370840426,0.02103059763556056,0.02708657455515654,0.04225933188541958,0.02709424736716084,0.0065797530112156385,0.028057388129988998,4.174604323316799
0.03883124159214254,0.03991126470318694,0.0033098522097835493,0.04033169723603962,0.026345202478453043,0.015214173466218825,0.045831888094391586,4.192202061098351
0.030047168439712585,0.04678315571195949,0.005977890497038568,0.02756944208405459,0.04208106201278197,0.00023179795361006825,0.022095857620539852,4.669991318097112
0.024178162179901617,0.05991737556964748,0.01225002106449937,0.04619129441045611,0.02960048339262175,0.01833860880003932,0.04032833546298782,5.3228985272297775
0.04382075567810888,0.05665566656717788,0.020343771017311392,0.02506575390111185,0.0351813407723551,0.042346410234412706,0.02518460154369357,5.143993608617528
0.03860218267785541,0.04212825997675958,0.012652743176351244,0.021609043745624924,0.02487533195892369,0.0071155367806411745,0.0303351768018219,4.5111476811871185
0.036003832759289645,0.0310624026647036,0.014983483387930051,0.041523949718357364,0.04879237164385908,0.05037273319178373,0.021846291024045107,4.317956016185521
0.04681677749152873,0.041808868235411634,0.051862289862715266,0.034264271456982014,0.04554744200051712,0.012344570084929946,0.028099209105663863,4.858341231202819
0.04365791633673592,0.0492825809040116,0.03552016207321933,0.04547294059876028,0.0459136886889501,0.00820890413398715,0.04305263213351727,4.8914088777052545
0.024550246391982534,0.015916809546169364,0.009675939060022115,0.031501914231747766,0.03220321245716016,0.006368551592675354,0.04655045973641776,4.041853531524941
0.02935166203386645,0.03049524448481441,0.029403096925960374,0.025048357655231387,0.04287083641121518,0.023939527935533805,0.02664581455707101,4.563079686265246
0.027454674194433974,0.05199011428178086,0.020322162749301695,0.04509326577409609,0.024316284661693405,0.051559576706452295,0.03390643517776766,4.8974563396577375
0.04231838877718031,0.0291916475966522,0.018411854004106287,0.03646728894920215,0.020258570077753408,0.00272587445142731,0.03410972143811619,4.522436503907312
0.021005973042073384,0.038593613561359326,0.049433853351742434,0.02567587377171065,0.020599187977340845,0.006486363798642549,0.04620725917279203,5.033059929956295
0.037096690546139496,0.03938846804310991,0.001968190724418553,0.04161151995759338,0.037598052122136814,0.004327081104854218,0.04288397158627416,4.654855047505442
0.04287376057222072,0.019223812656681966,0.012616096101032976,0.03533340915468502,0.033661847157438224,0.0014273130249185624,0.0353923165510415,4.422330738165858
0.04630296910285249,0.028111772082614415,0.007041628394256021,0.0381293894672096,0.03554046046725559,0.00640709084134803,0.0401224160141532,4.156735748657341
0.030262452461477227,0.02672556443709661,0.021188335441264267,0.03382695014619746,0.020223894212516583,0.02860462092064659,0.04542065161728101,4.762627073094753
0.04463771914016039,0.01130983542660324,0.01069150387516051,0.0448612695145402,0.032680598589722776,0.0001409351402279959,0.02028616862076635,3.779290261768159
0.023318952108656216,0.011209588194567762,0.004598912043019481,0.044886881470491496,0.041542044836025825,0.008120757701777868,0.03208670093150146,3.6097428520980888
0.04539356875203555,0.05158485218378867,0.02606046172905894,0.041281664654731584,0.03328081105902308,0.0020360154633486966,0.04721729501831236,5.084647514763396
0.023824659869959474,0.02365354049864062,0.0051553903227319715,0.023162041321893867,0.04196657618936667,0.020778655422324394,0.04220939092531854,3.9916277601135413
0.03191861871681102,0.03590393831194077,0.028940653088028387,0.04516561585712207,0.026990568931905046,0.039349257303367,0.03628524123002224,4.748251681391901
0.04391886097338661,0.02493627867943865,0.013910132308995687,0.040130389415987296,0.04439426013445177,0.009044454459061695,0.035889335811054,4.0671488671215785
0.024497522820463212,0.057033962255767026,0.042881602655136866,0.04091072498012899,0.03765293721360357,0.008121285257762628,0.030433102928133136,5.154282487914898
0.026877541856979246,0.022964837943288685,0.018145310584585718,0.030889485212116152,0.026322892982897188,0.01240736999583357,0.03561561600924544,4.3795702868467306
0.04166757705179199,0.03148284063694675,0.034098030050959835,0.0463783866847102,0.02710161427561499,0.020749208026878328,0.0396614959839036,4.621482327546546
0.04160109609638223,0.05363651252423009,0.008125644627026982,0.04176114800704572,0.038840913937086115,0.00633656627088587,0.03255089115286379,4.888650834255258
0.03923442898655892,0.05209667833959043,0.02921001647397718,0.023377713995875835,0.04489818779637331,0.029907118264096384,0.041424594391765227,5.116009925780524
0.040818453334013,0.019305070892313866,0.019134656843080227,0.03223334103218488,0.03246883346087466,0.039355932574353776,0.045836966817811575,4.361698508970719
0.03628173330042789,0.05013216548978552,0.029512534180998296,0.04659141085880425,0.027749012873827767,0.01333101212838059,0.024640545445545836,4.801064375880389
0.027553971767208585,0.03290934433689463,0.009806777848279997,0.02141590105092137,0.046010348207318016,0.002695316302171868,0.033546410684522736,4.389458856877399
0.030370879805117584,0.03414844360426776,0.01990545646064311,0.048842498589261485,0.04007804875252505,0.011068717503409235,0.032240602738552435,4.4567606280867205
0.025447931504042773,0.016673998620797187,0.024300278839812738,0.04037487704958689,0.03344256461849229,0.0045690102675650926,0.040623944121491846,4.100920129376044
0.04725351684000885,0.014030075687856233,0.012926042688913347,0.038941279329301304,0.03463700585837906,0.019214450337838078,0.027496023957737883,4.092642948839918
0.03750175384298361,0.04639696534868826,0.022431056224931342,0.028116777694639744,0.026127694038091894,0.0027877965566053724,0.039207527448568286,4.735190488775963
0.0320255425029092,0.03482305761776498,0.01730359160502318,0.027463753662175315,0.038804078901945316,0.025006920790079584,0.04632467725194464,4.420464864998309
0.03386017410932398,0.03184253513075898,0.018352192124342873,0.04826174658465787,0.030762275316286662,0.03938865024747802,0.03254394799380868,4.268028233687128
0.04841850018835446,0.04647541143261984,0.024494745123835253,0.028948173627023684,0.04986935530023048,0.026418855326464524,0.04733047099937661,4.842430948097628
0.024600542093482405,0.04827564494955549,0.026124463735363188,0.04326515890156998,0.03440550545785664,0.000266194044463962,0.04979491216800436,5.065664801016186
0.03758689496050392,0.017945408383467677,0.023295703877111943,0.03179365394621238,0.0345765681856884,0.020870304473327952,0.023182761498438564,4.115122965474678
0.03517666036653398,0.04051125747388206,0.020842830515294876,0.02417762212354112,0.03697555362232016,0.019806862377367913,0.02699159563954576,4.522723853877733
0.03834362706303944,0.016767704113884275,0.023309498753757908,0.020321458930860768,0.0475026800935624,0.0011603822680032114,0.048511392544462795,4.022050844134734
0.020543305514625215,0.047568754301452285,0.013310634357814332,0.036327720110457526,0.04402454299579251,0.006362986541161378,0.0487498305944416,4.5656442060888045
0.04616371726832455,0.04284775781335697,0.023783407630783085,0.04927336455646798,0.033533902093935246,0.02636012394037915,0.022931218261602757,4.674268821051467
0.04796354847450837,0.0578307310541729,0.016103766278240575,0.031074085814276134,0.041560977979183886,0.006969911488816387,0.0204499550113141,5.089349580999856
0.036953995507676266,0.01344790081782106,0.006080247303283204,0.030715770019791346,0.03758706496342285,0.01855417089291261,0.02483300069769267,3.678174488950927
0.04089952471630677,0.012852736057562715,0.017033962158643848,0.030322748535483265,0.03477101146103747,0.019317496693781,0.04988038350146745,4.134094274043383
0.04767498143531887,0.024109353734660006,0.03953064600475071,0.03561631511914576,0.025769473183530518,0.03125500262065809,0.025399988498320605,4.471659495101136
0.041217159029401956,0.0230852841867953,0.016984682988372732,0.03321994650272881,0.033918087903646726,0.007767912236550351,0.035076428201660695,4.237819997598582
0.02457617128742784,0.02234893995359999,0.03420483502656581,0.04639743880181044,0.02737455761067724,0.003864975245766695,0.045452531792915335,4.292378847792786
0.037288650805004396,0.05531272902605183,0.009841335147033585,0.03516562375170471,0.047445264495549644,0.02277765648568105,0.02061204832064619,4.988087962793135
0.038201451391485675,0.022477309992475304,0.0010540848762409074,0.035232735145657064,0.030062204404890408,0.0025116193441698186,0.03813466946775379,4.071674137570404
0.032723920139071584,0.023597486306431548,0.023523353413769207,0.024151147841616698,0.048567920436001166,0.012412071546265922,0.028310763466088733,4.2607925890579
0.042093327068741686,0.04796991312089818,0.0008675279265017329,0.049482186227311584,0.035991658702841337,0.03518581444310489,0.04587004749319195,4.74218585141746
0.04803101044307045,0.032486992122526995,0.0013700074299368044,0.02749918672606489,0.03894633136028481,0.053052873194399136,0.028503834477922374,4.283406944844864
0.04776705538720329,0.04883552784775906,0.02785017868464805,0.02220092202378808,0.03628821333467984,0.0013371823744011786,0.04060267160845727,5.041641930856682
0.033525181142123966,0.013268307878219261,0.015081486955527733,0.03989438746925626,0.023881418509001027,0.021021887034830128,0.040226588973421906,3.948535550413719
0.02339714137522266,0.034378559683669214,0.012583327204613989,0.037860991104706185,0.031274636570238226,0.016211096269954928,0.026644806465789202,4.429405686593679
0.04954523596887004,0.011680680009164132,0.021640736938987166,0.032454369619782375,0.02297438336832872,0.011146405060682832,0.021043975996050505,3.966977902409437
0.04516694259337803,0.013132660172767726,0.029355914561502043,0.03266576701642034,0.03868862132550145,0.026767825889293415,0.03227748721356192,4.027813787320361
0.023739880436098006,0.055321872667220544,0.02366769308689415,0.043551917631392933,0.03340622585601317,0.01631262983489375,0.028675794558976092,4.953681624232073
0.04762525647852117,0.016962268555879758,0.024836771146044295,0.025871379202989472,0.043339549147128106,0.0023984197375766037,0.044269332488411264,4.186368697595525
0.04609689086186385,0.03662103411376085,0.01619770004203966,0.044607599568346694,0.026614114429981097,0.0047218797628863505,0.04401092565366036,4.776251381050489
0.03556514171378217,0.030554780130035326,0.001011016500901401,0.03946241341685054,0.024936981752880047,0.021189898016184445,0.033710718565778765,4.356047442540465
0.03773826307234788,0.027367166312942136,0.006564970423778797,0.03256909321338573,0.03218996692891304,0.02598501274117005,0.038195366759696564,4.10059422767944
0.03197008111610391,0.054991667284363624,0.0030315966131774638,0.03374085849751606,0.04779756149655144,0.009942659040837212,0.038127785479607754,4.9350518345868455
0.02164284916466094,0.011091169838774475,0.012675068997145555,0.027699416215582875,0.041312654450372355,0.01763000519472499,0.0448147444528287,3.783190332534899
0.030055917249377027,0.043189484308779454,0.04179535299565499,0.04256342998090924,0.03256770874378756,0.05734069317523681,0.03275007242369593,5.033954007869227
0.044085603457940346,0.05816972171067752,0.03586128888340879,0.035386242269158034,0.03551816509262932,0.001875666397357353,0.028263400393715273,5.106525735697295
0.020138960690138086,0.038008409173092096,0.028777687697757535,0.02962563628249531,0.02252639033531295,0.018157361498395256,0.027951047544216425,4.699100631660867
0.030004975150734324,0.05684112310165459,0.021552744787798082,0.03788150347282851,0.0495372768912834,0.004756304787230508,0.036085768378466124,5.057177932129947
0.0319450608077283,0.012612893964301188,0.0396123451499309,0.04987203356153969,0.039992219140847565,0.054554972740034624,0.033474446081966376,3.9599872242844887
0.03612186808813769,0.03093966595370807,0.016894586634857607,0.03305786838969661,0.028562122053902676,0.03939622336604599,0.03320362312954809,4.551628568612026
0.047595668492382816,0.023007889548102557,0.036793644328125735,0.047620742023358587,0.037574251826457336,0.00800166389070255,0.02273412017269122,4.51732532218572
0.030390379830978836,0.04654104824903649,0.056384837108714905,0.030350505197736986,0.02328447098206982,0.037145930191741054,0.04155811222070587,5.118302269940678
0.03040859605688683,0.059064854524862334,0.0316744578640519,0.021641981207749576,0.048975100064227506,0.0553180242537838,0.02641210063945732,5.369878734058152
0.04212503744329245,0.02282650312221239,0.014657722379701713,0.026127263191052866,0.02524354963650098,0.01122308377342056,0.025908608906261642,4.192471535596806
0.03356653822669421,0.042708730073703724,0.032840519497457685,0.03256085429983053,0.039440909541656424,0.009403581334934935,0.032382749608321805,4.910308049594742
0.02673814468819946,0.019904881637987006,0.008969824765062173,0.02658904785783707,0.027363633876167914,0.003016378362129847,0.026833350248534043,3.746233504964374
0.033573185483980805,0.03826651272858049,0.007312213178920048,0.020006811146547666,0.041526841479456074,0.003574173970924582,0.03751574801924046,4.753286297959747
0.024225710611393995,0.03319662433441681,0.003940213770564514,0.047450046132425816,0.043304641017208434,0.0839531820043627,0.031143900180034146,4.537507445703394
0.025291609595186698,0.05860026648157685,0.04414365588984005,0.04531638233692788,0.040202591867342985,0.000423989670684413,0.033467351677783704,5.179736488981164
0.03495103318218439,0.040426363634823326,0.01347051001211316,0.04226876694460842,0.03843498380765578,0.01851835660240024,0.03611507964812087,4.387914928486702
0.03256776348513644,0.027475318604340937,0.04482274581398019,0.02503443786938086,0.04677407281856035,0.009218009567562972,0.026106065674454147,4.492020876389432
0.047445377032043004,0.015704789244396666,0.021985678499917886,0.02361090728629958,0.022358801329692743,0.01073463457546899,0.024672548685965894,3.9396164187624776
0.030871816973498993,0.017562341436746728,0.028808290975348743,0.022028142484171495,0.029927442973405854,0.0014667254303795604,0.04641265708620815,4.224519939480336
0.03741765050834131,0.021265846497561754,0.016674762426453802,0.041720875663187634,0.02744862438892538,0.006145668409904445,0.033011711084942635,4.228550814298715
0.038967928637585914,0.022548333067014897,0.04470707696377342,0.04786423882063656,0.049640418861962646,0.05291852613430252,0.032362808288976176,4.305091397271015
0.02039283369765001,0.05253080289205689,0.019716267160305896,0.032916074627391115,0.031681693390006205,0.03418187808810941,0.021068364508185247,5.082190421334867
0.03990612116050132,0.03806113941412624,0.030112011306825042,0.023574220159881445,0.04197838097721196,0.009715423331562561,0.034939289077621796,4.787343745046223
0.025341079006092546,0.03616954556871832,0.00974068309008283,0.0353717846219632,0.04054175491643014,0.05152403516113465,0.03662509164833,4.610961972053368
0.04883210952408366,0.015738443593460872,0.012855114303706292,0.030464957223758905,0.026362437124321333,0.005070865012666042,0.03676522612864,4.037759347541162
0.02445988183259339,0.053006984667471745,0.05374591221027584,0.031244747730499935,0.02716993040634654,0.07165117867107908,0.04121093507968653,5.131501964666432
0.03243872371181071,0.04614071516042419,0.006155922864186276,0.03863991872467122,0.028438536906591025,0.0015007611300040498,0.025324455049730354,4.766808929262237
0.022560490042359316,0.013383418095000078,0.02196059166794315,0.04156154339786607,0.03233381834778138,0.03243051205350866,0.027566694026918567,3.9548030431253944
0.04990622755537842,0.045391754861488436,0.04702283057264066,0.023318107966194827,0.027029751969515806,0.04010302284424239,0.04432191395691239,4.949903939629393
0.03506585030993728,0.037176910867132304,0.05607784982525733,0.021067706924194293,0.020589544482405436,0.008562529568760193,0.04841511850530182,5.060050722689219
0.037861550519601314,0.014086267287338913,0.007664701900116447,0.049829909080571444,0.04638179170421587,0.014088272041071428,0.02407798242101962,4.078112250875826
0.022012294321652824,0.03291503207643282,0.029689034749539475,0.026981850467466557,0.04896829494142653,0.05353756405335823,0.03492948663515655,4.547029423812918
0.042498814111975335,0.034234814356502344,0.0420366607106671,0.02161491574725377,0.03024711161094704,0.02164114695686592,0.026425287582187606,4.974179590553713
0.026297167792867573,0.018288727008163787,0.013302672254886086,0.0256962598728776,0.030155206382764185,0.015845619113174076,0.021802195050649474,4.030388977151181
0.046941628683221416,0.05728490735001411,0.002744320147552425,0.021168735390453927,0.02021275438323113,0.007435674454676973,0.029765100143784064,4.88852054136807
0.026154189214460215,0.05249876857403309,0.03600270067176042,0.03175432683851515,0.040407520649911224,0.02518438039224742,0.024310628755526382,4.972121195311698
0.02572063161991,0.04345111686645541,0.04726948329169474,0.044072053533539726,0.04476319687245886,8.354101911377341e-05,0.04129799220302739,5.0736903797106665
0.021096490035442846,0.03311477805003036,0.01829131951144744,0.030237333492731618,0.024398249010800094,0.0045027137241463455,0.03601176241014334,4.373532257268571
0.03416200835329998,0.030588277079225422,0.015162957166891361,0.033325502206351,0.024789990481014525,0.010433338098259626,0.024315034129709326,4.484486640917966
0.036945233997878496,0.04254867335754771,0.057065574592061734,0.04026760320702316,0.043702497499143136,0.021315180058938888,0.02027724765216543,4.866986806539597
0.02197125918285057,0.03727159347034527,0.008880020608729,0.035266822102096404,0.038488722450624346,0.03569608208662746,0.04424471147072638,4.443102992205861
0.04326582850085032,0.01311365529409428,0.0002747211708837693,0.045843370580639725,0.021345816728831513,0.011720497108974558,0.02528583218492743,3.8451647460913025
0.03359866504244083,0.03562513243851658,0.015278178870728704,0.0459810702513727,0.03867640971386845,0.036060275054250863,0.038186499266622986,4.503500087154519
0.0357317080798274,0.05032018086164197,0.04600035213383483,0.02029732086473461,0.029267531685312983,0.0016645442537103522,0.030107657392302367,5.044100045629944
0.033222882408146845,0.0329619938798479,0.02799397589543496,0.043341389194495976,0.03106175466412538,0.00551864592528031,0.03756457814945107,4.695549249664805
0.03202289182625978,0.012597828877713421,0.01677621587429972,0.033822008007250215,0.04309194254890641,0.010478527211629955,0.02946960880946972,4.077000146897705
0.03678920993924654,0.04931390996920165,0.018940055240801966,0.0496652162391099,0.044328055780178316,0.04070251845915373,0.022608186820767626,4.96450367536637
0.024657207377921375,0.02006818910679872,0.006019308191670927,0.03449696227626306,0.03201069880519492,0.0011096160976172467,0.026688500256732608,3.873254864500013
0.025457843914858135,0.02293104174440194,0.019045056645934286,0.049606878361648926,0.04841458808019064,0.004271697602809312,0.025641756994372267,4.065947611099643
0.04585356863040552,0.018235317671614792,0.05406828821627648,0.0426370808361721,0.03219388153856217,0.022750527300043014,0.03284058057318932,4.392075833862793
0.048383463864008984,0.026510753243574874,0.002261506296056838,0.02745814653839919,0.0431550810569033,0.02698709973073292,0.03974851350278472,4.18877293333473
0.03119927948839259,0.04783757528443175,0.012272904270598043,0.03615184937860873,0.034516317936927776,0.009785174292491754,0.027914182248390727,4.645256074614481
0.028122340194306615,0.03596929297519687,0.023150884051626353,0.04976406918435748,0.04692596979566252,0.0034617977130046865,0.02036209805901854,4.585060656867291
0.03931998629717047,0.020244063707535627,0.017522080204723095,0.045725918232557713,0.047232837309505366,0.04053194174021079,0.03556812092794271,4.17359228975889
0.03226202513294289,0.05389150390760204,0.0013406245019355403,0.022921006813736634,0.022622504236132518,0.03950368051179707,0.038172784680769165,4.629656946295471
0.020761590669810346,0.05397909274757646,0.04803921059184932,0.04119115990429988,0.04809479993930678,0.023477779120505415,0.0488861148200543,5.048528675347566
0.02468457792098571,0.05352892125230034,0.04426240871456855,0.030367387576124394,0.04476604524561247,0.00806704344740077,0.03768412409279741,5.042960247682969
0.041479166865421926,0.021939810569076963,0.003349305854869686,0.020209467856410444,0.04373932142938001,0.015519510991307082,0.034135176781344256,3.995674483052549
0.039767718257304546,0.0325619672090494,0.004182600862293526,0.03210442907080999,0.026027340190565674,0.026009847186832316,0.03720204877693112,4.595914727275147
0.020812879775104504,0.05924948280704375,0.002313886814811086,0.027042632651749138,0.04415357626263995,0.030714708016932595,0.04783701889586081,4.9194529155432445
0.026659164857988485,0.04860062381549952,0.005959653932392871,0.04456607811561415,0.0455039820405511,0.04627309226143396,0.04485134436804939,4.644208244465255
0.026932243897642143,0.01135837106127799,0.010262073380231598,0.030119918265372966,0.028674510033624527,0.022326100327684575,0.02968936200091424,3.859597331524183
0.04015678230796185,0.013260229563024603,0.010925695260597385,0.044825710818614514,0.048567802350869715,0.006344485765527593,0.02711763090971412,3.7963554260121657
0.020591316132630925,0.033196568840616635,0.024147120146911977,0.02001793816504386,0.02149580439197493,0.0764061229706295,0.02787900837098221,4.658507259110511
0.023123257459537215,0.055461010293078004,0.020192432089414156,0.029234574500783574,0.024497277597414192,0.02118428500115971,0.03513263119145639,5.1275074962020675
0.043997482561195685,0.036935089897635706,0.024537736117784408,0.02723495642923286,0.03612743414154543,0.01761716046449122,0.042321483536857336,4.823995619541162
0.02535633986163001,0.03489062540171451,0.01503662601917381,0.02700702083205833,0.037273774133669293,0.008543758137084644,0.03509657621548887,4.456277678875707
0.03958238323555624,0.015273684997831528,0.03030036241617624,0.022045598592963882,0.039354502499027104,0.011981541753316293,0.022033891874843378,4.281324195098082
0.027145483431401798,0.0428390052362147,0.010360346542852925,0.025613728112315052,0.020509073879463994,0.008678722387713184,0.04170742101319943,4.787478181908869
0.022983241782780356,0.051105158030011276,0.010925779307505601,0.0366664870965686,0.048811003238663914,0.022629955835862386,0.04417910386012862,4.726413910769425
0.027295165729983625,0.029021000375378116,0.025967633461308127,0.028740832185132334,0.02133764278202432,0.02126406333241271,0.02868493595359159,4.728810867038185
0.04166800795566977,0.04878059254626637,0.00749328747354113,0.03252184346987444,0.02429185858170207,0.03089601417433422,0.039923772178500516,4.8866576497067395
0.045670894043188574,0.05822383269504058,0.020502701612166076,0.03130600641041566,0.02042043552578171,0.04189230315636043,0.032797757031631805,5.128702046984707
0.044906595937009755,0.020188322956384452,0.003929421909787343,0.04627714774999684,0.03700575299882285,0.050038491248606494,0.046673580671823284,4.277181879115999
0.031915505888553644,0.03616648155973706,0.0014714365920082996,0.04715896997031546,0.04796800651762917,0.005756524509232045,0.0453567667448222,4.54101525386605
0.04004255409711939,0.024356897904228778,0.0028620250474153683,0.0347887091496758,0.03997841498241393,0.0015277455624684595,0.03576295994928927,4.041930862108594
0.02614952886247463,0.04964272095169197,0.013434552891011049,0.02990467850946813,0.044679724054412825,0.009083967078917659,0.04074516637440784,4.737286467932857
0.028794431907830396,0.038879668294057874,0.0013395323036715272,0.02320402112007091,0.020398436103757404,0.03414491034524266,0.04650049103066312,4.45792716863095
0.0468900745556336,0.04172912087751519,0.02933744256046695,0.04860208638146285,0.03626045895439178,0.036139824083362145,0.034871510302348266,4.941178374225082
0.02039005770532208,0.0498957079807947,0.008200832137488201,0.021806808347008926,0.03378688932516566,0.0033020412873376983,0.02939752221466466,4.880972689035623
0.022565255925634044,0.029798523633122742,0.0026088361491149615,0.028929508327048416,0.03496903832662379,0.03960267208080551,0.042609984137287435,4.2880867670511975
0.02623658765438082,0.05575450342035216,0.0011571762815083394,0.028941986035100127,0.02216639556005564,0.010842668367367974,0.026601987643540756,4.800432477752024
0.020795966116214593,0.036651443362306996,0.0018782429235265526,0.029612038584206447,0.04053306083207923,0.008915575723114653,0.03165593444018126,4.463505239556702
0.02544306305269392,0.017897741141767398,0.0035445076140355617,0.024928605298172278,0.03509661244575903,0.011163882190087595,0.04597181711320381,3.86072870285076
0.03749124682909077,0.04479495590844012,0.01948428731796975,0.043494842927710914,0.042954465495837924,0.010999802773080436,0.041732670208079456,4.904978029853484
0.03264273651777494,0.04966306752191272,0.028391474156868053,0.023674935858979677,0.03455871902185146,0.011152764539842461,0.03211433015742498,4.925924350033355
0.04678015133230925,0.025838083853376333,0.006888100404744829,0.039047199774594886,0.024481449086792964,0.005991323034425049,0.026442335072250724,4.26301103494689
0.04452330685215323,0.052858962849937643,0.021175360014297966,0.023715380801174524,0.03944770862233466,0.00997137117703872,0.0306790517249671,4.981407562104529
0.030254520550936283,0.05530716273828832,0.020000206195890317,0.0221160691277887,0.025171590863154986,0.008983801345113052,0.02852312447682299,5.032259930038089
0.027782703002938777,0.023845224368890444,0.006623532429285425,0.047282885110576295,0.04617183690064445,0.015934993432718196,0.02528267863831562,4.001455792943675
0.03139077224501801,0.0591760736357611,0.0025198784964091253,0.02570386298956117,0.038393487172077245,0.017007104103750663,0.042299987406969705,5.071757783153492
0.03770884827544423,0.01703557640243792,0.011708131999847587,0.04463750463679113,0.02471611650670863,0.03548405062618213,0.027562096605505147,3.973315989080927
0.028041909224686287,0.020100783420124498,0.026794534761310104,0.03633892613321407,0.04887014172443621,0.017171036287349922,0.033625024105032916,4.067936444895236
0.03872446723547402,0.019211241961901306,0.0036581272397599,0.02233569558826309,0.03555096390005962,0.03511237076037449,0.031575783405083276,4.235779255762711
0.032282349565737216,0.05469948550039352,0.010992135415996727,0.04866344574314203,0.02218695355614965,0.012847494817548741,0.04946232135906893,5.117747650757934
0.03656141542555941,0.04271462761624809,0.022188019731001,0.027408835009756778,0.03880498713245202,0.014614455290490692,0.03173276732444662,4.462433419582055
0.033083795874059505,0.017605214161113644,0.00731881715289613,0.045789360360578193,0.027595967210384306,0.012171681850492347,0.022399474483902643,3.8850794853508717
0.02883397278625753,0.03201617091841745,0.004558150996334346,0.025064300173536926,0.04411080355631908,0.0534750944940654,0.02269477257716252,4.070271331980923
0.0484535992088647,0.040764901253490096,0.013476737879409827,0.045618286464255586,0.04453466220698572,0.04149159786812455,0.037722611640591944,4.5780084686107445
0.042908173824792825,0.014173204249469164,0.007795655505589154,0.02039686438715882,0.04936842067563986,0.024212598302356034,0.037980906552147975,3.502815117035123
0.024203395272993578,0.05412081842036694,0.016370036800171652,0.03535341369708442,0.035056085930735115,0.03225350083946478,0.03256276971447965,4.959020233774379
0.04605403927693739,0.05018017677207676,0.02353900318641748,0.04308327738264671,0.033648706391832116,0.031922122137382325,0.032955310769360896,4.875279685078957
0.03462293594748541,0.03526033867883191,0.0377220751088557,0.0480438655247835,0.042604268163394424,0.048197287826947356,0.021617977485226137,4.6929364118639585
0.046836566806822744,0.05835633076295852,0.0003765715500529884,0.047276064086194614,0.023974119690257797,0.014838379633910296,0.03549639531167787,4.695334674101788
0.04399565767841946,0.03088804896375498,0.016326815015477447,0.04458874608642935,0.03640746541379373,0.015393501406246537,0.03514218426141055,4.446875777368761
0.032756405134077,0.05920551595182489,0.01114714393487801,0.046645740489839126,0.036387428003925526,0.05119318815314324,0.024486479556708338,5.021586218687002
0.020674079249603523,0.043395999940181354,0.07146065744943313,0.025976590575112295,0.022684193684311616,0.0053668260873921125,0.02311518158332783,5.201478206412794
0.02806032078154838,0.04173356366269707,0.014357064770507365,0.028525528871351864,0.03253952256520741,0.0008120619861127099,0.023707174717984714,4.780597976550858
0.03624902643982601,0.01829774476478925,0.017851559633085056,0.028669055747631754,0.04559854395701606,0.02472710901278954,0.023030847394737756,4.155519476612928
0.03900434659478442,0.0540963879152322,0.005414263141730057,0.03131161793005097,0.04568460865983981,0.02812426940563592,0.038291245866102795,4.82064822556814
0.02773663056299607,0.03137448439603076,0.038858832224062084,0.03179962011155566,0.022977129947590432,0.03456060031387668,0.02589447957208756,4.860170852984918
0.024180682222184724,0.018111670289123968,0.002821142712017923,0.036336659739640266,0.022721626482434927,0.014682309841777161,0.027542904565623905,3.7056525347199636
0.045047907103978976,0.010630375998787953,0.011816820004223174,0.024796392900993242,0.02788086431005806,0.02935038142718533,0.02520716432454319,3.7198459848545613
0.049532065421106566,0.03798778418191913,0.032791169973225356,0.04073739991357968,0.04624298187661981,0.03234236149645411,0.04873505913345509,4.774548678201172
0.03577070546908058,0.03636998110613381,0.006584365771072257,0.025026996179135196,0.02386707755220497,0.03061791379032428,0.04563852389455507,4.795211106574342
0.025150378575449106,0.04596768111845793,0.0021109278202086556,0.029309254463136425,0.041599904078823385,0.007178531648994044,0.02691484512054563,4.493268297140694
0.02816921979558107,0.05451290265089011,0.010255102075993873,0.035100353918184626,0.023034968588393098,0.030750378765125107,0.029826988817663783,4.939662413589602
0.020551720296424002,0.013970329232151475,0.047581627855618085,0.043893216845704325,0.03869413561243476,0.004048611303924799,0.026296785269149914,3.9250931620404765
0.04742896419681497,0.04657482451701812,0.0014547236864152022,0.04218407699716182,0.030682018973574345,0.05845464509116261,0.034756278783824715,4.820329180366498
0.023532532486704234,0.01937059720487911,0.050520432584320894,0.03936603069231567,0.04366741888897602,0.0027509282754454305,0.020588315974227608,4.352187806589435
0.03729549426542761,0.0529088526578582,0.027812892906042188,0.024673197817405106,0.02701071346476091,0.030555202486495885,0.04014104026690388,5.210769383026029
0.02822165662061618,0.0509531756930828,0.01769599950750789,0.03641136036846733,0.0391760548816988,0.01646724224483804,0.03569474449452925,4.818806988188111
0.0366253400754738,0.03703968774927722,0.016543396698032755,0.022623395053996565,0.02707047603727655,0.005638552817094823,0.046959167849033104,4.526609418842706
0.03954261165055593,0.045512139931165575,0.017753454785517476,0.031320895303899525,0.04140980849336462,0.0018081336852302354,0.024931780529852426,4.590740205454152
0.04489225411121605,0.02571750565918742,0.03921336366139704,0.032405495908698775,0.046210341036822464,0.06555629584118869,0.044123277381833956,4.549139787635766
0.026192638152818096,0.03355839494664073,0.0017335572232052938,0.021194343183372617,0.0238040539738028,0.045354297482007325,0.04375883043400147,4.220223162441396
0.020329874859754415,0.05108184488552358,0.025194924251558923,0.028219642984099156,0.045997870657865106,0.0156347113987496,0.023815435676506607,4.748638164000086
0.024106568902064217,0.03296325985866069,0.003598884193560205,0.04866948401799469,0.03780725763242894,0.018314474456684316,0.03195677672432383,4.212801086685112
0.04700055925544316,0.02788991326627209,0.025729634319000744,0.04860897823489069,0.02381331472601072,0.0014044688051963895,0.025104579234335508,4.384516184857231
0.046216702326875456,0.034710622362514994,0.007933229200938356,0.03056981162757618,0.032826255660791365,0.0363644147581027,0.02764161501372647,4.4123243967063335
0.03792239306510925,0.051412462621860916,0.05018711651940913,0.021293003268449722,0.024825808804552936,0.013875274381384963,0.027897385244916334,5.232460603798046
0.0380155058130096,0.026760402368543636,0.03877539405096991,0.025372848179845447,0.04101043666599709,0.00027845871187519734,0.036687091820773184,4.453192022671614
0.03995110023638766,0.01868807965678719,0.00644011981312674,0.0317665338030062,0.04276604403253849,0.015922970708101235,0.03234232795281397,3.933183855252275
0.02526113835870349,0.045600701016539034,0.028838459598192864,0.04843339093907689,0.02317389560818397,0.02342235187578107,0.04843198412018916,4.953962679706001
0.0474323583777488,0.05129891063540409,0.000323796166348464,0.02423597190611555,0.03518419558083933,0.04155840326173953,0.023791104258410155,4.5904441116953745
0.0325631157467622,0.015031873926176666,0.03608416652131553,0.04290547531004637,0.044438751680777516,0.02281307325901394,0.049210764045505964,4.164421523808409
0.031494155847484925,0.021993705637797234,0.016812818533741877,0.023260476181240764,0.0480848912465299,0.020263385101892337,0.02691915920642792,4.147050630436693
0.03556753115848513,0.017098599488049693,0.04618572544440198,0.0494377273217383,0.0354055360022531,0.036617921949253965,0.04318621809145559,4.132278307470849
0.02140897900325165,0.027397070579108333,0.002568031245082275,0.03144849497327405,0.04850837670834221,0.011308745072818708,0.030169097785184645,4.161964382688263
0.024988501062682383,0.03251754894527063,0.0010868992718389755,0.043257036166971685,0.0360706691136809,0.02151369456330485,0.02429244186251942,4.079250988505365
0.042141008492791114,0.04744131684816532,0.0009322467916862091,0.030277732484333957,0.03182571483799724,0.0068235775713175705,0.045736675557387196,4.643467285329588
0.022483960037753794,0.042557379244083704,0.05210020674687593,0.03883006631476427,0.045446093856586864,0.03699251330003689,0.029265826977093897,5.043401540822857
0.03809456328399165,0.041046428373921556,0.04826788554084992,0.025760482542201105,0.034789481313742675,0.01629980688782206,0.03976566212680527,5.023904121465209
0.02736047329043963,0.027618747330482717,0.06094160049429128,0.024380630578908876,0.034157075316935695,0.021933294737824918,0.0369933105525988,4.615076573074934
0.0316788684212593,0.05207237765423799,0.002359643424250577,0.04814192418704394,0.03470937468229485,0.009372801636340328,0.03415268928172623,4.683984644357719
0.028660812103121,0.033564358369908225,0.013122774639301577,0.047529418337133006,0.04540355005609237,0.03633528014105566,0.03487458417945617,4.547535611402827
0.030670181493948477,0.05895524690075772,0.03178202743673009,0.046624068206386475,0.04495824625064157,0.01682560101352553,0.04196713742276863,5.2705730027125375
0.04157137715552737,0.041707106914786844,0.04523763608406234,0.038763003504997805,0.03210559977320634,0.019351707301585544,0.022633187423703217,4.827001948756239
0.02891365146869525,0.016313237078225136,0.023411758487959327,0.04424804633648835,0.02999899579611575,0.015401754073598489,0.04004541985873716,4.005826050105128
0.03699213920890691,0.0438088781037717,0.01281781693584711,0.02207110810734125,0.03475784072117388,0.007786610871257013,0.04687436304195736,4.474218744760018
0.03428151206597299,0.026255200771584948,0.020576260777626504,0.030043671256720375,0.03718317529211328,0.05227362535618565,0.021733645910595924,4.372836323108739
0.039910134960879445,0.04431635983430487,0.006739643676291512,0.029411093742714688,0.027150116318839908,0.04590856458840062,0.024219600177010005,4.6968120393426585
0.048104892179742745,0.013482057408120286,0.01131058234029396,0.0390693596585784,0.04381865254146772,0.01761646629065909,0.04149895810106094,4.069197609295736
0.041977162916307514,0.01874407185879797,0.006801448933633944,0.030678733204119214,0.034594482971972686,0.03586503737201771,0.03311844944733853,4.081314977885643
0.026448211357722705,0.052786862945289316,0.008188425307179925,0.024455203449310424,0.03002136645259879,0.035011893552339406,0.03210645862441065,5.0402014913853
0.02093549405183854,0.021358977851175742,0.00951962106275922,0.03789401226240631,0.02320462978891972,0.03459482347721935,0.024108999036327076,4.014190312663055
0.027867921328994752,0.051852056262147,0.026406932060306632,0.04443151762007245,0.02716535481210821,0.05986227599750995,0.035203101221533646,5.224821059505639
0.037852337921007645,0.02396380442272052,0.020051102242361476,0.0314637048337992,0.048478435152679515,0.025750193611531014,0.023796359335891318,4.165523695613401
0.02154277440452751,0.04214409550293538,0.009822090556252175,0.02396806145295445,0.029152990604585798,0.023657993463282033,0.034298613689316214,4.713679923860183
0.03489098741603709,0.04470752867549155,0.03742717629084638,0.025900645919384693,0.02506577868101106,0.003787615419333988,0.042908458968849705,4.772087218834345
0.03790528546750668,0.035632737657252646,0.005248852019333564,0.02712449915508152,0.0338201837496498,0.03353781864375864,0.027747930736614905,4.457422159887534
0.030027316724508826,0.02526553383483656,0.01194250892378828,0.028996927789836088,0.02921263230080746,0.016703994141417863,0.03442358504539182,3.991029144100366
0.04312736611237466,0.020632218818554805,0.0028623575929686614,0.039283852115189276,0.021054777508135825,0.023998296747154084,0.049760479081905076,4.0469355595531455
0.023197947594013155,0.011659467728121311,0.034132719727820386,0.03802836453613157,0.02969435651838252,0.010574010338963795,0.04059951270062112,4.08353887402866
0.022254133452074262,0.02519732006203619,0.009303517464248796,0.04088239584701118,0.03632325871818406,0.03459640181410818,0.04524070313915596,4.138907829922854
0.04184566268610811,0.04265813952656415,0.004911224827968342,0.030875059535945396,0.036551371160599005,0.036186379495640096,0.032445428196816374,4.489189402494018
0.03486473948618596,0.05691524092242413,0.019069864176938185,0.04471992955639935,0.03069676763530666,0.032764388515945105,0.04303582769377566,5.231767446511285
0.040652071892832084,0.0535602241131526,0.019426889367344168,0.026122629834672808,0.03341908268757802,0.008427797292855511,0.021215275188239655,4.970293944934787
0.03304482015811239,0.04830323882676513,0.02364295179269618,0.03407122242554462,0.048965537547043,0.007979462581363242,0.02368733547626735,4.769049630911306
0.027392060997173204,0.04942236716266493,0.015693594891978833,0.044028161646242917,0.03132045431690935,0.013216269063066229,0.026092117787601864,4.84201630715225
0.044573069530225995,0.043249245173799765,0.0012194021275730958,0.025404759431978577,0.02774680439779949,0.024401881558967074,0.03205855773845659,4.877819678806593
0.04398247636906938,0.023014342878300148,0.012168149687366903,0.02329589341222349,0.027304011322002802,0.017367959553699155,0.0453723463497729,4.380311294073762
0.040840894125632805,0.05535975153529149,0.013998844231959873,0.0465105190306397,0.033732938381124025,0.026513417530519005,0.030387981523637916,5.159582713623188
0.028164354116898882,0.0435366155952917,0.01900330423202753,0.03028788988277588,0.04278560446150832,0.003339429785419558,0.03963863580546389,4.755726312896736
0.03770692000607262,0.03802203154902199,0.03826589656344107,0.040516103747270965,0.026179645525654195,0.01899145352830665,0.0412794288441045,4.832508646470401
0.030829216908200806,0.015549473460674052,0.009766850294079709,0.020760458127918154,0.041278883814223045,0.004949425003616408,0.03758547062265025,3.612559689668089
0.022747462199799024,0.03235277719032127,0.016009160028746913,0.04070140665228349,0.020634494700482488,0.05444064145723727,0.030717259045104087,4.428928963639781
0.04751940726386729,0.03301791356009631,0.04267179401227827,0.02948303934640912,0.032567989339518384,0.01542844585212189,0.03731160025140633,4.649332614439687
0.024104558927568843,0.053228180476133494,0.00979453148091622,0.021672225607623254,0.04327595195608361,0.05912382852987035,0.03026796778369239,4.6711563337617985
0.048507120614624075,0.03733241100938942,0.008924950801152267,0.038294382846443514,0.030161988673232942,0.005396496978220156,0.022516212156560363,4.373235186267781
0.03338017318873868,0.02902002744852048,0.016066050786798104,0.027224114482195198,0.036912113043361984,0.028850955282714266,0.049784119345580434,4.166709922225684
0.02555398786515859,0.058840016425532965,0.01830186179670818,0.031604217261556405,0.026149376984777324,0.03812439030993162,0.02381547360897533,5.119268523224545
0.03625702842135074,0.015536029666315784,0.009443083227452007,0.02241742436859541,0.04225986173378517,0.00948651396994175,0.02217045151508172,3.983140021473336
0.046188375076292254,0.031127421415597226,0.016542493223417783,0.02441489753284836,0.02156837309806279,0.02451335842421537,0.04635592247621468,4.66707000177238
0.04196674659228684,0.012101233758570265,0.0037101238582980004,0.028939317064875313,0.045576279346265014,0.03743283986550459,0.029055039826786856,3.8195649217681518
0.04419683443584349,0.04699520603834652,0.0471164139459556,0.022692785016804714,0.025945891592650046,0.012340772592523138,0.039508909222205235,4.9744488197962875
0.03976350100132152,0.05590382760995753,0.04506480361561235,0.04732478794058946,0.046231940951249925,0.007871229977632878,0.029870171889866987,4.95432793585128
0.040768296935535575,0.02400186647752447,0.007017970059322269,0.020181411295519352,0.03057587723901552,0.028979216027583583,0.03174362812383413,3.9647880892363316
0.04547586954695958,0.05291708383995604,0.020537338560730718,0.03451580656592934,0.041680507234234596,0.006270963771500078,0.027863389160503897,4.823179799162571
0.02749004026577558,0.024610911523094886,0.06318961301497575,0.023697423743976542,0.029576758933585655,0.021582959305248322,0.030291320173790305,4.437289999814812
0.034682748909294216,0.05553850808219576,0.0055567046219319235,0.02923037268433846,0.04717735013703943,0.04676666182423062,0.032321012017596296,4.8759590996972655
0.02663628325458807,0.047698095179839195,0.007828939762017914,0.04778178679454797,0.02379911376555123,0.014744409990078984,0.04161248207277029,4.640472089856083
0.04963004023989941,0.050245338842071934,0.044634452503191084,0.024850836598219607,0.02535559367817796,0.012161306576899062,0.03534608582704375,5.203208498413151
0.0483217801905984,0.010900327780022725,3.881074529808737e-05,0.04897496959154998,0.03479090375476407,0.046551376492677876,0.048306956514709315,3.682374863460342
0.021182804341055177,0.05814051785370129,0.013811285486734246,0.026173831309682653,0.022458153171144385,0.018945906672899037,0.021256411815163266,5.030515886310918
0.04116725517547065,0.04633354960351616,0.011764879537280712,0.04224698325400489,0.02587940554105286,0.009878354477390345,0.035092049678960846,4.929059000145634
0.04775744952246998,0.025237554769306662,0.04371267209068602,0.03640031794691935,0.048312991466360436,0.019404698553709604,0.037526743664951547,4.329190992219262
0.025417260353820005,0.051469733242942343,0.024288632486557434,0.04653436182790278,0.04929468983443662,0.017566817846752465,0.04760590958222822,4.997868211963324
0.03703835691657889,0.024076059920746497,0.012792584019722978,0.036619797665093934,0.03128777987991266,0.04527458424518825,0.021474755708642827,4.237898025494807
0.047464648927641254,0.053637691978306395,0.02219964577739299,0.03603677657468926,0.04769858063041807,0.05693904755498532,0.037204987548056484,5.050417152582382
0.021018379357573967,0.01562901952059685,0.10235961853242297,0.025863740011051996,0.03634474027020296,0.015274548804235852,0.045608897855838715,4.558005884113366
0.0409226080174052,0.045184298873039784,0.04391830188398367,0.02498688086154976,0.028092273976213014,0.043973930310772916,0.0272578318435771,5.142376869517148
0.028920470221176525,0.03703492383224551,0.04890151028826302,0.047494674533465425,0.04107196163241796,0.008067910721950653,0.04628877045571812,4.656587401022642
0.04773188586129591,0.01482672350977204,0.002360189187250293,0.029835145965501023,0.039767054197245716,0.013962781026037662,0.020571302278228756,3.772047588591961
0.049131747354961036,0.022094691412941948,0.01700957208106744,0.03116246764888688,0.049673759573262005,0.008474182654212372,0.0419736388740119,4.224734928393606
0.04832799467340302,0.01062020181386574,0.008527792802149551,0.042794709752851656,0.0279514186222785,0.015066238752539242,0.047993396635059596,3.8483728916052393
0.03422642649972391,0.03343839827322529,0.0037606230350063054,0.030164704472684222,0.04016178507985206,0.0038253992691002024,0.03971592984920187,4.364016622594496
0.0458612795296794,0.025063263038000015,0.005073567300033088,0.048561873399170084,0.02156071265088341,0.016678311656844608,0.03317087731941344,4.233411507230384
0.04533648195605211,0.03991787421488794,0.01730501478053565,0.042137833069964006,0.023409381160901584,0.011171144225970589,0.021346430494181542,4.904454672949913
0.02957301419729767,0.02486189038543086,0.032014739577332446,0.0379228772772026,0.0201175512485328,0.021940036694996456,0.04760341439967887,4.263798337460774
0.04486746422452032,0.024995955575349234,0.027737972032948206,0.04642685481634258,0.0499838204317902,0.02046739850106156,0.03410888668074724,4.329194400045443
0.02111022904146478,0.04715965993658017,0.006182814313838392,0.021488177250484485,0.04406821091442434,0.02819843770020168,0.02086990233007844,4.5172767671069085
0.037888096354461595,0.012407141798917672,0.020674114205116625,0.027711880765676263,0.04360169044200622,0.010826986506060707,0.04069463213986286,4.025366702509279
0.02690026511863109,0.05514474975959936,0.005870268426169126,0.0339510900266273,0.03529178225864539,0.03410996992033912,0.03445511760728775,4.695654058829596
0.023617006573318364,0.05261319371955907,0.03615213173622799,0.026809356184145632,0.0290020124871632,0.026084792964349318,0.02373035952327232,5.121020622420662
0.022308596048876275,0.043390234161320325,0.008921657965630325,0.04231715561906456,0.024537928533880277,0.015379449833378335,0.026428154279307788,4.552105280181872
0.040888663276344196,0.039661078505369214,0.017139073110509346,0.04757624093161176,0.02854024216539391,0.024975981335110288,0.02193472041367539,4.582621449259766
0.030196248913041984,0.05461512490698261,0.012234657110278435,0.0327131035979277,0.03127913665787417,0.023160163457146065,0.03722880619125721,4.796066314137696
0.04174300314586285,0.019266508976435722,0.02729664687726306,0.03026397800335685,0.042689302909408824,0.009369875407033428,0.03866088437756028,4.1388936340093885
0.021960690223968272,0.01394845810954143,0.021529831514548757,0.04884652196412699,0.036189853667094575,0.018123026539291938,0.03517226895066333,4.108195326246962
0.02945871013491831,0.021975508495476904,0.05210696285939395,0.033345572984826224,0.02232450879666448,0.010351219149028774,0.04451306399007845,4.455354233071597
0.03618473877126012,0.049728913935009514,0.002847849116771636,0.0346714520134785,0.02054087026876737,0.0022726272274646137,0.045830264639240406,4.828287776420453
0.04372169494516891,0.011733513336324166,0.025460709107981448,0.03054949617025716,0.023069965386021896,0.024389356966187898,0.0384687319004938,4.269681288221212
0.029562575087962097,0.03914034175417448,0.008364203506066033,0.047286454190364154,0.03231496141092138,0.0031817317560043547,0.02038269439122292,4.512652758813962
0.038776741293110276,0.05977187580956549,0.04015214280519742,0.03706866449845553,0.04799578751147055,0.03244127454251924,0.040856889672432076,5.230271269593036
0.04657933244708562,0.05278480469187697,0.008654943200801134,0.042865237615449345,0.039122074436276646,0.03437000732782051,0.03253997650761055,4.972226494347931
0.03847589564546914,0.03607228445217947,0.026320311951025858,0.04435420155052659,0.044054776996265456,0.014319036790936173,0.036966724496791614,4.549044895002656
0.026988784242609015,0.013182045464332118,0.000530324445604761,0.030255471257517746,0.033991237835136454,0.003630674997654749,0.03947241806056653,3.6073160337420926
0.02073202344669614,0.051568675719285494,0.0025417002616267845,0.0330108299396114,0.030849982495851285,0.01579091004789548,0.030507098429812304,4.520496682739235
0.0461029662170279,0.039948925408860525,0.011514405354614902,0.04545415323218795,0.023252011181498684,0.008478062137294372,0.04751295515515383,4.789043578665557
0.020638082325511616,0.015746649852978342,0.010433626375769259,0.03089766055027431,0.04627799066558615,0.03429618728787481,0.024019246002493437,3.8407939036517615
0.04624105018052599,0.01469286424116781,0.006342483958056244,0.04381805400355554,0.04349480087083708,0.018499298715444534,0.04014535421843113,3.917299226865028
0.03586811402081636,0.05548134097182962,0.012541452383426431,0.048229769677233116,0.025043542927931754,0.017776208053237937,0.020130787398697413,4.861804974126991
0.048172030955386885,0.04346001314690392,0.049087357630131986,0.038696311192040214,0.03536781691628782,0.05976922688723472,0.04773953316215543,5.139183743187601
0.04396349707320996,0.051464339965837776,0.033428941555022455,0.04224881862355667,0.03462124423763735,0.010051523219101433,0.023375123997142744,4.959312975201903
0.04993802331600013,0.05394894501411336,0.03171646947562244,0.04415291936123405,0.03875274658059586,0.0021294063215517227,0.02284652690442724,5.071051654698665
0.030521354463551306,0.03858861760241611,0.005284217257886506,0.045351189466899276,0.04838560681973784,0.03135597659934995,0.02999022899156733,4.544454506549201
0.04301564866793381,0.03587231758775206,0.013627890972121345,0.03185160013570388,0.03739314325287439,0.011845245136182965,0.03120698858117242,4.613131927260601
0.032057927408277266,0.03152137051604951,0.030294099437599274,0.021537903775279945,0.036206518003358557,0.015411682523986961,0.02642900216968636,4.510338778414481
0.034396268609117264,0.025847329389555966,0.028780423535068312,0.032056288137102186,0.02150968798803992,0.06553105316322316,0.03755364982781374,4.295134867551603
0.03882516389655111,0.03172979804293559,0.044581799673084774,0.0402126868935227,0.02188722428054072,0.003594952064295059,0.03328742294125891,5.025593980158302
0.04621031342559016,0.04869398278650782,0.005857452964112707,0.03351051157342379,0.025620403739803666,0.0041009617894643465,0.021025267671232622,4.959756319241589
0.04952250407597886,0.04009617155075658,0.004165784431187095,0.04246889452581196,0.02097412315075245,0.006060581272924463,0.02958956186765902,4.642879073269251
0.043048202415935544,0.054626164497742304,0.032377463579948744,0.030709472884059917,0.04230058686710038,0.033132986419591025,0.044312987407195116,5.078788685630061
0.03253300346502001,0.03216900071895938,0.0033051769585178206,0.03904232423312089,0.0416999091198189,0.031408364386787145,0.040691046045856064,4.274218114777907
0.03264071006831211,0.0403544789359377,0.03144240477814861,0.02559259414561924,0.02408168703294929,0.04552664423197024,0.04174612560739642,4.795538455771267
0.042127469047666746,0.04156537765459944,0.0032368906711716,0.04248108309934871,0.04508236702385843,0.007915526711924926,0.04094350772250571,4.655670254386816
0.02716331437304907,0.03958485811531627,0.021444657754630413,0.03637087906439078,0.02464358104538336,0.03715153681967468,0.029329190641490997,4.743583067440121
0.02331422339394184,0.04513168865427582,9.973297115691612e-05,0.02612193165639802,0.029035267609920763,0.0062654935466528484,0.022989917662303277,4.341012022773383
0.030638664729223296,0.021871673418740314,0.014229158651383677,0.028757335204934217,0.02746930697484095,0.016682888449458397,0.02817401552099288,4.102285069763446
0.028617169749622452,0.03561818887728953,0.022968850795467195,0.04245826125745497,0.031169212957191435,0.017593339645227878,0.04495355900555478,4.744014170568017
0.028889243613679706,0.015211240140417383,0.00790808496358347,0.03447803706984562,0.027639912976698856,0.03152467747302873,0.049414123933492135,4.161250925553245
0.027008232531497298,0.02922556638224063,0.06937675276621863,0.026480943211792167,0.03466852779315356,0.006933708211856733,0.03481541044224684,4.845050063280154
0.02126279568909086,0.03438335343106322,0.00041984481623144956,0.04901813571110893,0.03222223644064057,0.026396922581475343,0.020291010647691267,4.294108002975933
0.020536218042002414,0.042611212977273626,0.03665458748447803,0.041453750594506636,0.0495970847233798,0.034934773254408344,0.02420134436402687,4.754664934197414
0.04963167169208095,0.057526552629310175,0.040076197252086596,0.04871404497619389,0.021677790503846772,0.02375747853322662,0.029662417259487976,4.934018607549542
0.03283319401207587,0.04003255332741779,0.02600182262152796,0.0328131513608103,0.02426544129162055,0.024072471287201237,0.03735756045778849,4.807877172162169
0.03152979941479045,0.04717969580882799,0.017972734432110116,0.03425301022075161,0.021584776817258074,0.027089844076504412,0.02225280937415942,4.860717392573148
0.0403894184807921,0.03531330297476014,0.04610303937514293,0.04693865648555058,0.038775235849471276,0.036278290749212856,0.04830071896129645,4.816580474339537
0.026547616635951926,0.04170520156881657,0.018413389693430548,0.03575148020736154,0.021635278322411588,0.05829563986485214,0.030952510198532023,4.788493906122266
0.04849883551850676,0.013546610806688671,0.05338384705159031,0.04121836735717002,0.0450931921212837,0.0021383223972838246,0.04737752653774469,4.059166016197807
0.04359035043246656,0.022719579042092347,0.032022859193002934,0.0275651863248659,0.035358158920457836,0.008043013340015129,0.043415654082710656,4.421012892082438
0.022682330069367786,0.028092654660256934,0.0013774161666000942,0.03340179406107922,0.035810228737446013,0.005039426520583738,0.04266311817546743,4.161593268807044
0.03252742327354785,0.033624667750325674,0.03489598833428317,0.023703495974310654,0.036847835231365825,0.005576596403600143,0.03820158739346696,4.6866295338431785
0.046373549226864944,0.012282437275119186,0.018382627964917866,0.026179401076308853,0.025124411189186322,0.04209049556928575,0.03880351451155534,4.169947804187148
0.048341960668742315,0.017001204877665883,0.010944461904443375,0.020028302458028932,0.025930709093434628,0.029735755734251527,0.039140097056487445,4.165270056090141
0.034022045337496094,0.023840715389565288,0.008410334013493292,0.021177951549459808,0.029564519686190144,0.017091563851210866,0.03886164161076747,4.120499587001453
0.03840234167632123,0.05857663454505253,0.005543974366336135,0.04931851469530788,0.037804892474655544,0.04010025728381237,0.03661184694195084,4.993324990127987
0.02501101838276226,0.026567350355152536,0.021411737392453868,0.02727061085410287,0.026303533278206438,0.02944644266428321,0.04959242055448667,4.407685767928267
0.049735058784109304,0.03410205290560413,0.04052408843420499,0.03989932128512006,0.023489951813997836,0.005554798398327275,0.041968717022770885,4.763192670281567
0.026950151041503303,0.019804885636919647,0.0010813298009451303,0.045172990963988344,0.04910350659255297,0.02872557601690094,0.043308391651775635,3.9883241844420017
0.04828195322405377,0.04053900355378841,0.018469014853732743,0.03651981377709693,0.020659454444288686,0.011629314228944134,0.04617388445251023,4.855093579983195
0.03948939946977106,0.024034160775798716,0.006360904266387803,0.02459433500251869,0.04408092216008065,0.0441190035490368,0.026469192881775475,4.38359653797719
0.03823210384636577,0.02034962892192134,0.03786866174443978,0.04184349312008499,0.04364105448725067,0.008408898018756916,0.022514124772851824,4.511805287144437
0.03538065533049526,0.03582863142229895,0.013827565025884605,0.038007542302987495,0.02891642341535288,0.029978266359117493,0.03448683309795796,4.5679181495878
0.02692009435153276,0.010275289958021041,0.04242235551518787,0.041937517680421255,0.0240687984802194,0.06966061753434842,0.0354224208685782,3.6930495595722137
0.02529584096016525,0.010383201632461267,0.0033433170398963347,0.043092398685712616,0.024368859401162703,0.01860780778636106,0.044875453398497536,3.8841897899300757
0.02661458627210526,0.020953440455092887,0.02888495871639921,0.049262311030542356,0.04092294851711578,0.007371646422438457,0.033313507378470074,4.133528841816395
0.025593147864327637,0.011836068125041057,0.05480052955363573,0.0372068984008013,0.03928419773258521,0.023953804290412266,0.03712559076632938,4.049145002345115
0.0433875342070026,0.015401287706534568,0.03146157489576856,0.030249233380718055,0.0434823702275416,0.0026096659209658814,0.03581212815540375,4.059127679651166
0.030503757775001902,0.026943032466937578,0.008744596336787392,0.039453936707007115,0.048124435171973144,0.06691785791391427,0.021146083512721733,4.175247768031003
0.02173528029690189,0.05012928397899064,0.0359397230007471,0.022053221277278785,0.04075782089799776,0.010615449077099201,0.03845644689790742,5.05648274954265
0.04907307890422434,0.03860243216846504,0.011343283655798527,0.04692191954964759,0.024675546096543304,0.0031220010911563265,0.044841298573227564,4.445447202319324
0.04651357654890277,0.03563338629782082,0.02288969977653288,0.023581430340145905,0.02730327850296232,0.016796733350056558,0.024725016442274116,4.501953527598983
0.04783256849585639,0.024674441160406083,0.014561774542139116,0.029835285136574546,0.04526581192619344,0.034220376579089974,0.037829952017797874,4.318309421323169
0.04984723467939306,0.056587685971640815,0.016569948969220365,0.04447236141878363,0.026279182275026257,0.02562156266194741,0.03780831633339243,5.210344070369042
0.02521685747658462,0.02985075206185958,0.03685220899798612,0.037919371349921356,0.022175669508634442,0.009107508859057164,0.024925548921690764,4.600653774835664
0.031887260567079766,0.014354638339788575,0.02468975468291101,0.031809065608323264,0.041098401621267516,0.020576043871250695,0.02370390721192208,3.9142271984390193
0.042747154271122745,0.04085332580589006,0.01576752242485013,0.03420306978125064,0.032075790664704264,0.03290253060561578,0.049401558289294545,4.631747275061687
0.04088061854161377,0.01569191967383007,0.03319606219738465,0.04563642179606541,0.04760120157637711,0.011764444613285473,0.03181157508959113,4.052206322077442
0.024616877190195653,0.027261157140084605,0.019077781943947464,0.030200131581796765,0.03950765213280985,0.01724505662183884,0.02682265186170588,4.317245342731934
0.044474993749718535,0.03537059693589044,0.0058272754100506035,0.04608949054436514,0.02271256933374982,0.04609013063904305,0.02513973633363125,4.677739024960735
0.026733217155099822,0.05371112623425879,0.007680952787936245,0.022644032929300745,0.04843569701760983,0.012005115515575761,0.04002805140749705,4.573113471519992
0.026714528444678694,0.03467732901700593,0.022912187427912355,0.043303953116258925,0.027756717909207376,0.027795308033677007,0.038283358919818364,4.566354450376931
0.03610923268680241,0.045112938301583215,0.06751376342682101,0.04542642899164209,0.030116374712188573,0.017868242816297758,0.03930656368962253,4.959264361801811
0.0377881980452511,0.05964084194995352,0.04546749099038954,0.025454529585120164,0.03206781241050626,0.02860404064629706,0.022640180825343567,5.130697364567028
0.03740258623513434,0.01657445599489908,0.022533475256838954,0.03291039597116602,0.0215367288921294,0.03664694327779399,0.046806037504953116,4.314944537884479
0.022744605121932646,0.023736576275975974,0.006349842556480148,0.02496499323990967,0.03489546266691815,0.04395030177563864,0.03167799190427145,4.181392167167618
0.046323825878911415,0.029728803779882317,0.0039595409282534915,0.04119812386982653,0.02369955473225877,0.011560347658559539,0.029401082192910738,4.333952485520458
0.027968001277661185,0.031091408926941566,0.018204361245023653,0.03606043304184971,0.03202910980065055,0.03533674011222628,0.03387084341743218,4.565535379246389
0.023885447638484127,0.03055105376327729,0.006714102490668389,0.039059700401249633,0.030521293639762533,0.007927153560470263,0.03170198197242885,4.201853787606874
0.046662442396069315,0.05538055012782774,0.01577630198278263,0.025894609008686335,0.0431852025027951,0.004099989182900114,0.04590731009417438,4.96946675451331
0.0486695449468926,0.04570163222334282,0.021310105397662087,0.02635237586157259,0.04409511534898193,0.0017116731739967531,0.04787782925593677,5.107095436729948
0.04586382851796352,0.04039526070453518,0.01752717613471514,0.02124491976529719,0.024602386471672642,0.004069416813688241,0.029103596493488187,4.670866421811626
0.044285482241746346,0.0254686358931391,0.00497562022773055,0.02966202605587189,0.03099653562137679,0.03404555856451927,0.04591807422379865,4.315483934115018
0.03965725941917066,0.05118951921106473,0.03976373706310065,0.03679233984001025,0.031200594830954952,0.01128645831482672,0.043445693885992016,5.125109617004183
0.03652572111827418,0.057753025574249446,0.01420448104583271,0.04573804741991987,0.024542313318082553,0.0026729992423612887,0.047924230170342856,4.8684928740888935
0.022609602797342306,0.051059914127511326,0.005818217776072646,0.04000782342376043,0.04395360515153572,0.02522705887467725,0.027372509365576635,4.48127577040854
0.03225359639212096,0.010078255259573645,0.053642910711928955,0.033061889701992545,0.0412168498500627,0.008520614888474647,0.03730877450362938,4.012250047504232
0.031180655510369422,0.041820068509170354,0.02014995921541784,0.04859360343182414,0.025711453588911044,0.00021087450089063865,0.02823633754221334,4.83162434114628
0.02779261351280979,0.012556769072105036,0.02782851652493533,0.041577356017274955,0.031001657257813973,0.017129577161518673,0.04472283471453123,4.134280503410697
0.041702603410657554,0.022880361016686092,0.020491427917572438,0.0479049560858765,0.023174150745695427,0.005279953532398347,0.020159725717131927,4.363648815979476
0.03487627205236313,0.012976235017388585,0.03170734531298651,0.03582763919816497,0.03884619791279132,0.02428286045732275,0.036944574886591884,3.951486523792955
0.022431386477229438,0.04018977264746938,0.031553553642622724,0.027767128243794188,0.02364115773645859,0.025037301116627733,0.03017610293815754,4.9680760519051494
0.02660549605849434,0.04432949567463034,0.006457017083748097,0.02158480059094166,0.04957802505874753,0.00962354760083061,0.029680511212334608,4.433822627739524
0.04049776290978788,0.015724381903295254,0.005758647863478304,0.04178254554451552,0.04342046224063587,0.012339143124332479,0.039347189715947514,3.911917353395077
0.022283925784709006,0.029191944152248975,0.03760170134549655,0.023639089940166023,0.03170715648751985,0.013195546117328632,0.04554453347941982,4.5194916338091184
0.04553620742146307,0.032811825447777096,0.023071847730313635,0.02908325384815902,0.037356917968380636,0.00909286992744291,0.03827586174179979,4.521076641563688
0.03485439581041923,0.02845265108804583,0.027957075465740937,0.035974127236516926,0.04734025448649226,0.0128663093921292,0.045595189359401676,4.586286505272165
0.034417597319799445,0.016051250024259653,0.007706463694690233,0.03693249763339243,0.036622978411874785,0.022842078695534358,0.0279379133564309,3.8360536074426257
0.03777223353978553,0.03094738950937377,0.03351391798344002,0.038017495909614084,0.025234954591938655,0.012533336070025611,0.035585055642949434,4.422302498495529
0.04474042897775447,0.047558902390420904,0.029035566091370167,0.024987659910491018,0.03136110066743478,0.017679694241364785,0.03351609617201228,4.975162892500389
0.030434276237065794,0.013550383226662773,0.06471703470535106,0.03139212214464947,0.045294345950892365,0.03336549421846427,0.020349346985092887,4.1687564299435715
0.040340484576771904,0.014009000704095172,0.0032108745448705886,0.038515826813509,0.03932639047968854,0.06434465220666079,0.036704364294222205,4.2867136128840935
0.03697195891987373,0.027738564591799207,0.021187911781747757,0.04909456593901354,0.03952173153001401,0.01559066031304339,0.03984572972438525,4.45925611363717
0.028010848105082642,0.05708628558094625,0.03560871336448726,0.04182893413099066,0.046004644570654674,0.020255893244965066,0.0377574321325721,5.109330675663172
0.04635889959065474,0.0434286323361457,0.0023072541340040265,0.047678112712818736,0.04681919172387514,0.011145668863469214,0.042088396963502646,4.416100487178664
0.04392278064820784,0.04393349783362824,0.0015011090482584932,0.04286636174942531,0.04759377715338309,0.0331629209179522,0.037140185853592314,4.32246724326124
0.039753555039752766,0.02809599954189325,0.03679822936434424,0.037751509066772014,0.022845475797594685,0.028204638857491176,0.02200250764552271,4.419195541315536
0.045517451872827255,0.039683039560426916,0.037640052117820066,0.02576070107409034,0.03632378005889303,0.017463235969526772,0.023493365722541345,4.817032133375947
0.04601882602879408,0.01050655920138717,0.0005092541738164168,0.04000056955677539,0.04221528563654956,0.015492431326751384,0.037894237326318574,3.8116780958096625
0.041250889301451044,0.04180480232047711,0.013010775108416653,0.038701386978797214,0.04270780535381041,0.0012315560756123427,0.028249375759209206,4.750445605201038
0.045110399850910164,0.05566434737881183,0.020252548002307892,0.03807407511371799,0.03820148605910012,0.020045408969817657,0.022389353871042975,5.084517646540521
0.04092414385007851,0.040628673417240954,0.004560338559756363,0.03469357603964723,0.025003620055510226,0.024309304780720374,0.032888082303456405,4.535848448592532
0.04040422315280902,0.05368492967331725,0.008941869923207838,0.03585969811967827,0.043922616618249935,0.014336116368252187,0.03662967794250967,4.917420707030411
0.03855834134645553,0.04619865277330469,0.05449651556603363,0.030033275813543123,0.04160334000544837,0.020039607484112945,0.0298623796504882,4.976067139629779
0.04258149918672924,0.01602792082018451,0.00793991047100036,0.035579380779269094,0.02258407314647109,0.00521483973458766,0.04161301106677334,4.196150426523669
0.024758153158792214,0.055122665364292084,0.016289348445620126,0.025926677170354347,0.03391429474023129,0.0022253349160631197,0.03931311824303734,4.9465331629288105
0.04642612277596786,0.013322192217788744,0.015272126301173418,0.044155231920811305,0.02521932198565411,0.0074767959828513295,0.02998455083275016,3.9732054267109262
0.04615530583235696,0.03669837362738819,0.010705666706211328,0.025573308640961235,0.030124311371389156,0.014526970085762847,0.042646175867256816,4.29996289203511
0.020877418491036775,0.01710685618967288,0.015347296218274806,0.022548988696683994,0.020542432766170564,0.008340542753447758,0.03946085127599107,4.022638962650428
0.044774502516942885,0.010585330536545203,0.0003911704819444528,0.03308738079071472,0.032009896052322746,0.04305984851670869,0.03912336136153706,3.8094098870176496
0.023866096024203358,0.031101713006381947,0.009034813479754943,0.039749223185181856,0.036496307634686316,0.01397792350061491,0.036602831023612045,4.177760481077614
0.03005356562777426,0.02475203538270781,0.018057601006560457,0.033131504748006246,0.038587477784812606,0.03508337524956801,0.020341690042656586,4.157482943703806
0.042305247688748236,0.03430002468988015,0.0032957675453484806,0.02830262395853926,0.039904710353861304,0.0434381473902738,0.04089521550430668,4.489902438964588
0.024822796881449248,0.03885999433672754,0.020219963616020416,0.036745135516713226,0.0450887393930738,0.01364056381674003,0.0312812537332747,4.403804685935812
0.04453901072357187,0.012186953615447367,0.01283212616892523,0.030410070062366,0.026463887218271902,0.03240678204452301,0.04827829130475967,4.12177772675862
0.044964025338732255,0.01615016475618728,0.0056704766713519365,0.04798603070379899,0.02361445467315404,0.011091190705267224,0.04453954313231616,3.915023899115865
0.03522403201282509,0.03793211982252127,0.012650216509834843,0.04767935418810716,0.04554611515693777,0.00685327079563116,0.03763083408593937,4.470655264911101
0.02019157615150501,0.027158367658632908,0.021903559996216453,0.035071154599162865,0.0246983844467795,0.05041983814609199,0.027565459454578084,4.260365307222465
0.028611143995247383,0.0464586743774724,0.04552630316538748,0.029836519820547757,0.04924280244008586,0.008256608878508683,0.026111521798329998,4.963442876143522
0.03850780755127227,0.04261458242959698,0.0366784131341519,0.04211397241869917,0.04527614688195911,0.013263563168585613,0.030211545130326475,5.124114345134141
0.04943558534082271,0.052280218149495336,0.0014807486011377425,0.021101388304492,0.035026298176687974,0.02342504304878959,0.03429703830740056,4.874525196585998
0.03895440581050005,0.044624641333461265,0.01842812949310577,0.03424307018130954,0.04944264274766076,0.034664020389419875,0.028881965301168412,4.659921719621468
0.027794107431924793,0.03149655386950741,0.03548999457751566,0.030089701828110008,0.022921301873240128,0.010841404071118645,0.035447884861774484,4.722700709005993
0.039020171092988346,0.04364833111972162,0.026487808212163982,0.04761607655307665,0.029091972835253048,0.005459515911798663,0.024961112765395577,4.775753926034537
0.03619956139147566,0.023769058712770925,0.010496112782393532,0.020360090818180476,0.039146732451218344,0.029767078495494773,0.049331384384765004,4.375983145867803
0.04339536185453431,0.025315674938910633,0.001465354974014241,0.03658444627155047,0.030500206054195365,0.007531427890141451,0.023237736648949816,4.154712514555627
0.023209419164808752,0.049449257996039664,0.01495195419514896,0.042219907431998785,0.04785117655942375,0.006029455765409547,0.04795832418963117,4.44651976823217
0.04283083707506084,0.032320975820079104,0.05193958181093238,0.03455053962572124,0.021968782645334528,0.0028811071512371772,0.04740734034208085,4.639729564133906
0.03623799736028331,0.049919017025917625,0.014171702873613159,0.02256209090488165,0.03648235496182894,0.022555466032176636,0.03576081445458494,4.9909240636898735
0.04888976011576984,0.05112111868341392,0.004110717464017696,0.049173841700837065,0.03772598802185344,0.020427506591036163,0.041747308155082534,4.83357787824335
0.030256164981160585,0.05287811688306419,0.011160958786306538,0.03554031294128294,0.039581843713316724,0.0004344332756267945,0.03308144893917764,4.724890356752388
0.03897865679401845,0.05583176179206036,0.022258006793098535,0.03842558732957034,0.027669986699954435,0.005741724542406108,0.03890103732627315,5.026727083785969
0.047960843165300526,0.03154926102566481,0.00029984916084649024,0.027098293481225222,0.030936992825595935,0.00465392636424782,0.030217278122633563,3.9614988872497747
0.023075291839720378,0.02594334091605694,0.012551389899198455,0.03450494255320412,0.04531041588994933,0.030143747789493722,0.02903477059356336,4.183181995437908
0.04811685461709354,0.03910993732970569,0.0013018608138559273,0.032874484758749656,0.025848283069104794,0.010317263895318955,0.03734689358508542,4.731578859106933
0.0406365716690244,0.028558621171881376,0.005792642861306175,0.02224687526005951,0.04480603541520087,0.05402569933310683,0.034943890225519414,4.373256442000214
0.022035111773155158,0.040053708340011644,0.00882628045657824,0.02318481060642402,0.036879662687082274,0.01656102911421423,0.03738609107449943,4.791666049033652
0.02902890700840449,0.04527929313219123,0.03205597632783828,0.04512417558856324,0.042865625335822465,0.012895898939694207,0.02859981743861069,4.9460567722922235
0.041245162659358445,0.044420250924606844,0.016288862815352655,0.027194598566197707,0.04140822098790415,0.015556961142907912,0.03100873495450986,4.868065118913672
0.022020518044063152,0.028727644351006068,0.04827743039999367,0.025848748144958918,0.02622534486154637,0.02204859619731002,0.02251693881886728,4.791684881734441
0.0374651138052882,0.01834301008493764,0.007953063530643593,0.03514734353750418,0.037064382093016185,0.01677179366886343,0.021568291168166172,4.0154471478270555
0.030376491708588704,0.031526466923110376,0.011706901272906479,0.043062413940875385,0.04603169458415277,0.0029413118772114973,0.02760371389019049,4.280109674462987
0.03862746553302432,0.017129707204095436,0.02504356198452635,0.02185839555736964,0.03296348710405788,0.018005953475365443,0.022227405779916373,4.246911027178919
0.021372261014375386,0.05450485175919041,0.027458810210792405,0.03730423758914768,0.0489977231066995,0.009659078257003031,0.02311324125904222,5.144033123842234
0.04614610418457129,0.027293873036892867,0.0517920872901544,0.023576313285217202,0.03356645300305154,0.034080585232937374,0.04438785216181811,4.5885173312150505
0.04920466907532191,0.01772298736116619,0.014899153725634433,0.021093831524768555,0.02428356910003654,0.0072281995364428114,0.02116621091050068,4.003561921405491
0.04906633565857074,0.011272387995287543,0.050609689608941875,0.02158231856486652,0.0316830404023302,0.026540565712547884,0.03976828381804229,4.225644359573586
0.04248955495228775,0.042291119314324215,0.009827913897642183,0.04502492324625324,0.048551072191716116,0.023997317587084534,0.028176732464462017,4.713309977033526
0.02390258720391896,0.04184511587273716,0.05023206550472942,0.023539174508841847,0.02959162548019563,0.033874213098712254,0.046146370421243796,5.053956726383437
